date,entity_id,primary_metric,secondary_metric,value_pool,quality_score,risk_score
2026-01-01,PRO001,50.4,63.6,10975,65.0,60.0
2026-01-01,PRO002,88.4,40.3,160091,85.4,71.6
2026-01-01,PRO003,77.8,70.3,97162,71.6,30.3
2026-01-01,PRO004,45.4,68.4,59242,82.5,86.1
2026-01-01,PRO005,77.5,69.6,175949,84.0,36.9
2026-01-01,PRO006,88.4,63.9,119816,92.4,25.6
2026-01-01,PRO007,69.3,37.7,173999,94.0,93.9
2026-01-01,PRO008,55.8,29.2,123810,97.0,30.4
2026-01-01,PRO009,82.7,60.3,13318,62.6,61.6
2026-01-01,PRO010,89.1,71.2,57353,64.6,46.3
2026-01-01,PRO011,54.0,80.6,13745,91.8,25.0
2026-01-01,PRO012,82.4,65.5,64580,64.1,11.3
2026-01-01,PRO013,61.6,29.0,10781,68.6,25.1
2026-01-01,PRO014,71.3,73.7,36097,72.3,22.0
2026-01-01,PRO015,81.5,39.0,128110,75.4,77.9
2026-01-01,PRO016,61.1,81.4,3362,97.2,86.5
2026-01-01,PRO017,89.3,60.0,65124,92.2,57.0
2026-01-01,PRO018,93.4,19.2,131720,80.6,80.9
2026-01-01,PRO019,76.1,35.7,88205,90.8,37.4
2026-01-01,PRO020,67.8,78.7,128415,85.1,33.0
2026-01-01,PRO021,59.3,25.1,59739,67.9,26.7
2026-01-01,PRO022,54.8,37.0,120483,64.1,88.9
2026-01-01,PRO023,66.9,79.1,63230,91.0,23.6
2026-01-01,PRO024,82.6,46.7,3924,97.4,50.3
2026-01-01,PRO025,92.6,78.8,63763,67.2,70.2
2026-01-01,PRO026,73.9,39.8,67986,62.7,62.3
2026-01-01,PRO027,66.3,23.3,178845,95.4,65.3
2026-01-01,PRO028,49.7,54.2,109543,78.3,21.8
2026-01-01,PRO029,48.0,20.3,178581,65.9,61.7
2026-01-01,PRO030,49.7,28.8,183857,66.5,51.6
2026-01-01,PRO031,90.4,42.0,125461,62.3,65.0
2026-01-01,PRO032,95.3,48.5,59618,90.9,68.0
2026-01-01,PRO033,60.9,24.8,103278,64.5,91.9
2026-01-01,PRO034,73.9,22.3,2514,75.0,49.9
2026-01-01,PRO035,85.5,66.5,26932,92.0,82.3
2026-01-01,PRO036,96.0,72.7,88702,90.8,78.7
2026-01-02,PRO001,57.1,53.4,1990,93.7,85.8
2026-01-02,PRO002,65.5,62.6,110286,88.6,75.0
2026-01-02,PRO003,56.4,28.6,145102,70.4,23.2
2026-01-02,PRO004,84.3,43.4,161376,66.7,57.7
2026-01-02,PRO005,82.8,83.4,88308,88.3,66.6
2026-01-02,PRO006,92.8,46.2,158630,98.8,73.7
2026-01-02,PRO007,73.7,52.1,155875,93.8,79.8
2026-01-02,PRO008,84.2,31.9,86977,62.9,38.7
2026-01-02,PRO009,53.0,81.8,51725,68.6,11.7
2026-01-02,PRO010,69.4,63.1,139337,77.5,13.1
2026-01-02,PRO011,85.1,23.0,60658,62.8,20.6
2026-01-02,PRO012,94.1,25.1,35271,89.4,75.8
2026-01-02,PRO013,47.1,50.9,46454,75.9,78.3
2026-01-02,PRO014,89.8,34.0,35456,85.9,23.4
2026-01-02,PRO015,93.3,26.6,79662,98.8,92.8
2026-01-02,PRO016,94.2,75.8,162051,80.7,54.8
2026-01-02,PRO017,68.5,26.4,62412,97.0,15.9
2026-01-02,PRO018,62.3,23.7,152236,78.8,52.7
2026-01-02,PRO019,81.0,58.1,33695,81.4,47.5
2026-01-02,PRO020,80.8,51.4,114696,77.1,43.7
2026-01-02,PRO021,80.8,57.6,39904,72.8,46.8
2026-01-02,PRO022,47.3,51.6,81403,97.6,59.3
2026-01-02,PRO023,48.9,66.2,49340,87.2,37.5
2026-01-02,PRO024,91.7,54.0,149503,66.9,26.5
2026-01-02,PRO025,66.5,19.2,20992,95.5,12.3
2026-01-02,PRO026,44.6,20.4,160287,76.3,73.9
2026-01-02,PRO027,88.0,22.4,71350,85.2,27.5
2026-01-02,PRO028,82.1,28.0,142385,89.6,38.8
2026-01-02,PRO029,93.3,42.1,42700,95.2,53.4
2026-01-02,PRO030,95.5,67.8,173109,84.8,82.0
2026-01-02,PRO031,80.3,53.4,108751,95.3,48.4
2026-01-02,PRO032,42.6,58.5,148367,93.5,22.6
2026-01-02,PRO033,48.2,60.4,72614,62.1,12.1
2026-01-02,PRO034,42.8,80.8,163535,64.6,47.0
2026-01-02,PRO035,64.6,32.1,72489,71.6,40.0
2026-01-02,PRO036,77.0,40.4,165491,92.3,32.0
2026-01-03,PRO001,79.4,20.6,150058,88.1,90.4
2026-01-03,PRO002,70.2,32.0,29426,87.1,68.3
2026-01-03,PRO003,89.2,83.4,123510,69.6,26.1
2026-01-03,PRO004,60.0,56.7,102127,96.0,64.1
2026-01-03,PRO005,66.0,75.4,25782,71.6,81.3
2026-01-03,PRO006,82.2,40.9,112476,96.5,91.4
2026-01-03,PRO007,46.8,47.7,114312,88.6,9.2
2026-01-03,PRO008,48.9,47.1,76518,82.7,17.6
2026-01-03,PRO009,40.7,30.9,20544,88.2,11.1
2026-01-03,PRO010,43.2,71.4,94864,73.5,67.7
2026-01-03,PRO011,53.9,50.5,50444,93.0,28.1
2026-01-03,PRO012,69.5,72.7,123970,98.0,42.2
2026-01-03,PRO013,82.7,42.7,105548,70.3,66.4
2026-01-03,PRO014,49.5,49.6,156028,83.6,23.4
2026-01-03,PRO015,72.3,56.6,63415,65.2,66.7
2026-01-03,PRO016,80.5,54.4,81689,62.3,19.4
2026-01-03,PRO017,96.8,80.8,115886,75.3,21.0
2026-01-03,PRO018,58.6,81.4,144474,90.2,32.7
2026-01-03,PRO019,48.5,62.9,81069,96.0,42.4
2026-01-03,PRO020,77.0,59.8,100690,96.5,27.6
2026-01-03,PRO021,76.8,59.4,23561,98.7,35.7
2026-01-03,PRO022,72.2,70.4,76537,88.2,27.5
2026-01-03,PRO023,94.8,27.9,160094,86.8,36.0
2026-01-03,PRO024,81.5,49.3,81579,75.3,59.4
2026-01-03,PRO025,42.9,33.7,158449,66.4,79.4
2026-01-03,PRO026,43.1,30.3,6992,87.1,84.1
2026-01-03,PRO027,79.4,37.7,109526,87.1,87.6
2026-01-03,PRO028,69.7,57.5,40836,88.0,27.3
2026-01-03,PRO029,51.6,80.8,28959,89.9,58.9
2026-01-03,PRO030,45.5,31.5,110249,72.9,43.4
2026-01-03,PRO031,57.3,37.4,11106,82.2,20.8
2026-01-03,PRO032,62.4,83.5,162389,92.3,88.7
2026-01-03,PRO033,66.6,27.4,119157,82.3,14.3
2026-01-03,PRO034,62.5,52.8,24626,89.5,8.6
2026-01-03,PRO035,83.2,57.6,173762,90.6,40.6
2026-01-03,PRO036,62.8,38.6,67918,87.4,47.1
2026-01-04,PRO001,61.7,60.4,92917,97.3,13.8
2026-01-04,PRO002,76.2,28.9,38820,68.4,18.0
2026-01-04,PRO003,69.9,32.5,21273,67.2,29.5
2026-01-04,PRO004,96.8,48.9,182674,72.8,53.0
2026-01-04,PRO005,56.5,38.4,71859,98.6,9.8
2026-01-04,PRO006,68.1,70.2,150293,84.4,50.2
2026-01-04,PRO007,84.3,40.3,37967,86.1,48.8
2026-01-04,PRO008,64.5,41.7,58654,66.3,30.2
2026-01-04,PRO009,87.1,27.8,158039,98.1,21.5
2026-01-04,PRO010,74.2,55.2,32677,93.2,76.8
2026-01-04,PRO011,63.6,31.2,134343,94.4,14.8
2026-01-04,PRO012,89.3,68.0,104316,93.4,91.9
2026-01-04,PRO013,69.1,44.4,13352,90.8,87.0
2026-01-04,PRO014,46.1,57.1,63913,67.2,74.6
2026-01-04,PRO015,56.9,37.2,114650,98.6,66.7
2026-01-04,PRO016,73.1,59.8,25473,69.6,17.5
2026-01-04,PRO017,95.4,39.2,170207,77.0,49.7
2026-01-04,PRO018,88.7,46.3,131840,86.4,12.8
2026-01-04,PRO019,59.7,27.7,96699,95.1,68.7
2026-01-04,PRO020,87.3,45.5,151756,63.5,13.5
2026-01-04,PRO021,72.7,58.7,15450,63.6,42.6
2026-01-04,PRO022,56.7,32.7,124545,62.0,27.9
2026-01-04,PRO023,61.6,43.3,62377,68.6,64.7
2026-01-04,PRO024,48.8,81.7,144070,65.3,10.4
2026-01-04,PRO025,65.1,64.7,76073,93.4,56.9
2026-01-04,PRO026,78.2,47.5,12980,72.1,71.0
2026-01-04,PRO027,87.7,67.7,144712,92.4,85.2
2026-01-04,PRO028,55.8,34.7,66665,62.3,20.5
2026-01-04,PRO029,50.1,37.6,159505,64.3,16.4
2026-01-04,PRO030,47.9,38.8,43974,80.9,57.2
2026-01-04,PRO031,85.6,40.3,5554,94.7,49.0
2026-01-04,PRO032,89.0,22.0,59603,84.4,55.8
2026-01-04,PRO033,83.6,79.9,152608,73.8,79.5
2026-01-04,PRO034,83.1,37.3,141932,78.1,17.6
2026-01-04,PRO035,91.4,29.6,100551,84.6,9.0
2026-01-04,PRO036,82.2,28.2,22875,76.6,23.3
2026-01-05,PRO001,63.8,54.9,70178,68.4,52.6
2026-01-05,PRO002,73.4,40.2,44954,93.1,34.4
2026-01-05,PRO003,44.4,78.3,162655,86.6,65.9
2026-01-05,PRO004,65.4,67.7,36345,93.9,33.8
2026-01-05,PRO005,64.2,27.3,19892,69.2,86.2
2026-01-05,PRO006,59.4,68.6,98066,65.3,21.3
2026-01-05,PRO007,53.3,38.6,174045,78.4,68.5
2026-01-05,PRO008,44.5,35.1,87154,65.4,33.1
2026-01-05,PRO009,52.2,18.9,63659,71.2,33.7
2026-01-05,PRO010,56.2,76.5,107297,81.3,31.2
2026-01-05,PRO011,56.5,63.5,165311,86.5,18.0
2026-01-05,PRO012,91.4,55.5,103588,85.7,11.4
2026-01-05,PRO013,50.8,47.7,184365,88.2,32.2
2026-01-05,PRO014,58.6,68.3,116094,90.4,77.7
2026-01-05,PRO015,50.1,58.2,172983,87.7,46.0
2026-01-05,PRO016,51.1,45.7,57830,91.3,87.2
2026-01-05,PRO017,43.9,53.9,63136,89.9,69.9
2026-01-05,PRO018,70.3,71.1,49808,71.1,25.8
2026-01-05,PRO019,81.4,45.9,83438,74.2,66.3
2026-01-05,PRO020,52.2,57.6,128995,84.1,41.3
2026-01-05,PRO021,84.3,54.3,66918,63.4,26.1
2026-01-05,PRO022,68.3,19.3,166138,74.2,40.8
2026-01-05,PRO023,71.2,48.1,53078,97.0,80.0
2026-01-05,PRO024,58.9,83.2,47674,74.5,51.5
2026-01-05,PRO025,47.4,27.3,128714,74.1,55.7
2026-01-05,PRO026,55.3,24.4,81678,62.3,45.0
2026-01-05,PRO027,59.4,81.6,42021,71.3,69.5
2026-01-05,PRO028,79.3,64.5,86597,72.4,9.5
2026-01-05,PRO029,87.3,38.0,27043,96.3,93.3
2026-01-05,PRO030,85.7,65.0,52843,98.3,90.3
2026-01-05,PRO031,52.7,26.5,158773,65.4,75.9
2026-01-05,PRO032,92.8,78.3,162218,95.5,72.5
2026-01-05,PRO033,72.3,71.0,36993,97.7,27.8
2026-01-05,PRO034,47.2,62.7,174521,81.7,53.0
2026-01-05,PRO035,40.8,66.4,78349,62.2,40.3
2026-01-05,PRO036,87.8,83.7,153049,97.4,47.7
2026-01-06,PRO001,50.7,46.5,55023,95.0,52.7
2026-01-06,PRO002,79.1,73.7,167138,85.1,86.0
2026-01-06,PRO003,72.9,37.6,55697,79.5,45.8
2026-01-06,PRO004,41.1,27.8,6340,98.5,46.2
2026-01-06,PRO005,54.8,51.0,108677,89.4,33.5
2026-01-06,PRO006,71.8,77.5,87064,63.3,18.8
2026-01-06,PRO007,76.5,68.6,56495,65.6,68.4
2026-01-06,PRO008,87.1,61.6,82531,71.6,47.5
2026-01-06,PRO009,68.0,34.8,78579,98.4,21.9
2026-01-06,PRO010,68.3,47.2,142659,81.2,45.7
2026-01-06,PRO011,80.9,24.7,168377,65.8,88.4
2026-01-06,PRO012,53.9,42.5,34283,68.9,80.8
2026-01-06,PRO013,85.9,31.1,169854,65.5,25.9
2026-01-06,PRO014,40.7,80.6,42487,72.4,73.6
2026-01-06,PRO015,41.2,38.6,5452,97.3,56.6
2026-01-06,PRO016,67.4,24.1,58696,85.8,83.0
2026-01-06,PRO017,44.9,51.0,51968,65.5,90.1
2026-01-06,PRO018,93.4,56.9,180000,71.3,26.7
2026-01-06,PRO019,70.0,70.0,177589,96.5,9.3
2026-01-06,PRO020,60.5,18.9,163137,93.2,62.9
2026-01-06,PRO021,87.2,80.7,127711,87.7,44.4
2026-01-06,PRO022,50.1,82.4,43208,97.7,72.6
2026-01-06,PRO023,71.8,18.1,148111,98.3,41.3
2026-01-06,PRO024,89.0,39.4,92477,85.9,22.2
2026-01-06,PRO025,54.2,29.5,10726,93.8,16.5
2026-01-06,PRO026,74.5,33.9,92441,62.5,12.0
2026-01-06,PRO027,70.4,77.4,39775,69.1,42.4
2026-01-06,PRO028,60.2,58.5,46565,78.3,44.5
2026-01-06,PRO029,74.4,20.8,145506,93.4,77.5
2026-01-06,PRO030,56.8,25.7,21529,76.7,21.8
2026-01-06,PRO031,84.9,56.1,71498,87.3,68.7
2026-01-06,PRO032,62.5,69.4,164135,98.3,46.5
2026-01-06,PRO033,80.8,50.4,92062,65.6,74.7
2026-01-06,PRO034,72.4,75.7,103500,69.7,60.3
2026-01-06,PRO035,72.9,20.9,147691,91.5,93.7
2026-01-06,PRO036,46.7,49.1,92776,93.4,77.7
2026-01-07,PRO001,40.4,31.7,50388,79.8,39.2
2026-01-07,PRO002,69.7,36.4,93316,80.9,79.8
2026-01-07,PRO003,79.7,30.0,152657,93.1,52.9
2026-01-07,PRO004,73.3,40.7,10359,77.1,14.6
2026-01-07,PRO005,70.1,75.2,154508,92.3,31.8
2026-01-07,PRO006,41.2,80.5,98755,74.8,32.0
2026-01-07,PRO007,57.1,31.6,82724,91.6,86.8
2026-01-07,PRO008,77.8,58.8,112354,76.0,11.3
2026-01-07,PRO009,83.1,77.5,172466,87.0,29.3
2026-01-07,PRO010,60.4,67.5,181948,68.4,50.1
2026-01-07,PRO011,89.8,32.1,110578,90.0,49.4
2026-01-07,PRO012,54.2,66.5,22024,79.2,78.6
2026-01-07,PRO013,50.9,82.5,96008,91.6,45.9
2026-01-07,PRO014,96.9,28.1,79904,72.0,93.1
2026-01-07,PRO015,65.4,60.6,172442,96.4,34.3
2026-01-07,PRO016,92.5,24.6,175936,85.5,23.6
2026-01-07,PRO017,96.0,60.6,134334,90.8,19.5
2026-01-07,PRO018,49.0,59.2,111698,92.1,81.1
2026-01-07,PRO019,66.4,67.0,180185,83.0,82.1
2026-01-07,PRO020,60.5,31.0,138184,97.8,58.7
2026-01-07,PRO021,48.5,75.9,137669,88.6,42.8
2026-01-07,PRO022,48.3,52.0,172281,87.8,22.0
2026-01-07,PRO023,94.9,39.8,174207,67.9,92.8
2026-01-07,PRO024,45.3,56.0,17737,69.1,85.8
2026-01-07,PRO025,46.0,45.6,171034,64.4,82.0
2026-01-07,PRO026,78.1,20.8,170577,75.2,83.4
2026-01-07,PRO027,92.7,50.2,145168,84.4,39.3
2026-01-07,PRO028,64.0,50.8,33932,74.5,70.7
2026-01-07,PRO029,72.0,30.0,157153,93.4,65.6
2026-01-07,PRO030,72.1,35.9,2620,64.0,68.6
2026-01-07,PRO031,93.8,81.2,31230,76.1,86.7
2026-01-07,PRO032,72.4,32.7,99324,65.2,75.6
2026-01-07,PRO033,41.0,26.2,34085,97.9,43.0
2026-01-07,PRO034,77.4,33.5,127418,79.9,10.7
2026-01-07,PRO035,75.8,41.6,76862,92.9,70.9
2026-01-07,PRO036,64.0,34.3,52495,90.3,82.6
2026-01-08,PRO001,62.9,38.4,86923,74.0,49.4
2026-01-08,PRO002,79.9,56.2,11867,85.5,13.2
2026-01-08,PRO003,59.7,52.4,136281,65.8,46.3
2026-01-08,PRO004,62.8,81.2,120048,65.8,25.7
2026-01-08,PRO005,74.0,25.7,59543,94.3,22.7
2026-01-08,PRO006,73.7,43.3,184023,69.3,61.0
2026-01-08,PRO007,53.0,54.7,31185,74.7,22.6
2026-01-08,PRO008,58.9,52.4,133589,67.1,37.0
2026-01-08,PRO009,89.6,70.1,94939,97.4,51.9
2026-01-08,PRO010,58.4,20.3,123048,64.8,37.0
2026-01-08,PRO011,71.3,47.2,3845,70.3,43.5
2026-01-08,PRO012,59.8,82.2,103716,95.4,75.6
2026-01-08,PRO013,69.0,69.9,3332,78.9,57.0
2026-01-08,PRO014,62.0,38.0,15144,87.5,23.6
2026-01-08,PRO015,90.7,34.1,169216,95.2,58.3
2026-01-08,PRO016,50.9,71.3,35620,92.6,20.9
2026-01-08,PRO017,46.1,59.6,181402,85.0,82.4
2026-01-08,PRO018,70.8,18.5,160978,67.4,49.4
2026-01-08,PRO019,80.8,36.2,113931,94.6,10.0
2026-01-08,PRO020,67.3,56.0,31120,96.6,43.1
2026-01-08,PRO021,59.7,32.1,40606,85.1,89.4
2026-01-08,PRO022,51.7,78.5,109926,81.7,92.0
2026-01-08,PRO023,56.1,69.3,19033,83.1,62.2
2026-01-08,PRO024,82.0,34.2,118934,71.8,54.5
2026-01-08,PRO025,52.9,67.9,107551,69.7,42.1
2026-01-08,PRO026,90.4,68.9,8629,92.5,53.4
2026-01-08,PRO027,94.9,81.5,149128,74.6,56.3
2026-01-08,PRO028,59.3,41.4,33612,68.3,75.1
2026-01-08,PRO029,43.2,76.1,81975,97.9,75.8
2026-01-08,PRO030,59.2,55.1,101996,69.2,50.0
2026-01-08,PRO031,64.7,49.9,176391,77.2,56.9
2026-01-08,PRO032,74.1,31.5,125322,74.2,14.1
2026-01-08,PRO033,78.2,50.6,22908,66.7,36.6
2026-01-08,PRO034,66.7,49.2,49744,88.9,85.5
2026-01-08,PRO035,59.7,61.4,36916,97.8,86.1
2026-01-08,PRO036,78.5,60.4,48532,86.7,57.3
2026-01-09,PRO001,80.0,47.2,154570,92.7,30.8
2026-01-09,PRO002,46.7,24.7,133803,92.7,9.5
2026-01-09,PRO003,60.2,19.9,32256,69.4,89.5
2026-01-09,PRO004,43.3,28.0,167367,82.6,32.8
2026-01-09,PRO005,88.9,26.7,142171,76.1,26.3
2026-01-09,PRO006,51.4,76.6,65696,92.1,75.8
2026-01-09,PRO007,78.0,25.1,133220,71.2,82.5
2026-01-09,PRO008,81.8,38.2,35683,95.9,18.3
2026-01-09,PRO009,69.7,55.6,15969,94.6,13.9
2026-01-09,PRO010,93.0,73.7,125602,78.0,36.9
2026-01-09,PRO011,68.6,39.6,137591,71.1,15.2
2026-01-09,PRO012,61.5,73.6,80450,67.6,91.1
2026-01-09,PRO013,48.9,53.7,21362,69.5,20.1
2026-01-09,PRO014,42.7,18.8,67411,77.8,56.8
2026-01-09,PRO015,44.3,57.9,180822,94.6,34.6
2026-01-09,PRO016,46.1,73.4,22061,62.5,65.6
2026-01-09,PRO017,57.4,74.1,16163,73.2,57.7
2026-01-09,PRO018,55.1,36.5,63500,71.5,42.4
2026-01-09,PRO019,42.5,19.3,45384,71.6,39.1
2026-01-09,PRO020,78.6,72.5,68597,92.6,84.2
2026-01-09,PRO021,49.9,74.6,181223,71.2,38.4
2026-01-09,PRO022,62.2,47.1,131122,85.7,34.4
2026-01-09,PRO023,68.4,50.6,157014,96.0,19.4
2026-01-09,PRO024,48.6,68.7,158026,86.6,26.8
2026-01-09,PRO025,45.1,67.3,93177,81.0,35.6
2026-01-09,PRO026,87.2,60.1,24140,83.3,18.3
2026-01-09,PRO027,93.8,51.9,57135,72.7,38.0
2026-01-09,PRO028,62.4,35.0,79386,78.2,24.5
2026-01-09,PRO029,59.5,32.8,32257,75.5,15.9
2026-01-09,PRO030,63.2,56.8,153993,96.0,35.1
2026-01-09,PRO031,89.9,34.1,79310,98.7,9.7
2026-01-09,PRO032,95.2,42.8,52134,97.7,84.2
2026-01-09,PRO033,48.8,59.2,16744,78.9,74.1
2026-01-09,PRO034,82.0,33.5,119242,89.7,25.5
2026-01-09,PRO035,88.4,57.2,95386,88.3,69.2
2026-01-09,PRO036,55.3,19.7,106294,78.6,34.8
2026-01-10,PRO001,87.6,57.2,162228,95.4,76.2
2026-01-10,PRO002,71.5,63.7,79173,64.6,73.8
2026-01-10,PRO003,51.6,23.7,51601,83.3,10.4
2026-01-10,PRO004,93.6,66.4,132608,62.6,82.5
2026-01-10,PRO005,59.3,73.4,147220,79.0,44.2
2026-01-10,PRO006,82.8,61.5,176793,83.7,12.5
2026-01-10,PRO007,85.2,56.3,99106,72.2,90.6
2026-01-10,PRO008,94.0,30.6,136100,68.6,44.9
2026-01-10,PRO009,84.7,58.2,9303,84.4,59.0
2026-01-10,PRO010,43.8,61.2,40720,82.7,40.4
2026-01-10,PRO011,63.0,31.5,184367,74.3,92.0
2026-01-10,PRO012,88.1,21.2,89072,75.4,88.8
2026-01-10,PRO013,78.0,76.8,144957,85.6,27.0
2026-01-10,PRO014,73.5,67.7,74884,64.1,70.9
2026-01-10,PRO015,81.1,21.8,109920,71.3,93.6
2026-01-10,PRO016,45.4,66.8,107738,95.6,53.6
2026-01-10,PRO017,86.2,52.4,80849,64.2,20.1
2026-01-10,PRO018,72.8,62.6,61955,64.7,21.3
2026-01-10,PRO019,96.8,51.3,22527,81.0,64.0
2026-01-10,PRO020,68.7,39.2,73719,69.4,54.6
2026-01-10,PRO021,56.6,59.7,26924,94.9,31.4
2026-01-10,PRO022,56.3,45.0,178600,72.3,92.5
2026-01-10,PRO023,86.5,29.2,49199,83.6,47.8
2026-01-10,PRO024,45.5,60.5,65796,89.8,8.2
2026-01-10,PRO025,90.0,30.8,107480,87.7,70.2
2026-01-10,PRO026,81.9,65.2,40087,78.8,25.2
2026-01-10,PRO027,73.1,79.2,45756,77.4,78.9
2026-01-10,PRO028,41.5,38.7,81946,78.9,42.2
2026-01-10,PRO029,82.2,53.9,89776,77.7,83.3
2026-01-10,PRO030,76.5,30.5,47959,92.8,36.2
2026-01-10,PRO031,76.3,49.4,101983,67.4,88.5
2026-01-10,PRO032,58.6,34.4,142269,75.7,77.2
2026-01-10,PRO033,65.2,28.3,93947,75.7,68.8
2026-01-10,PRO034,94.1,68.0,17067,95.3,57.8
2026-01-10,PRO035,47.9,40.4,111635,95.8,15.3
2026-01-10,PRO036,74.0,73.1,77222,85.4,70.3
2026-01-11,PRO001,67.7,22.9,65774,94.1,82.8
2026-01-11,PRO002,79.8,66.8,180101,76.6,25.7
2026-01-11,PRO003,44.7,41.4,58972,63.9,85.3
2026-01-11,PRO004,94.5,80.5,183362,80.1,24.4
2026-01-11,PRO005,92.8,65.6,53288,80.4,32.8
2026-01-11,PRO006,47.8,76.7,3908,81.1,29.9
2026-01-11,PRO007,48.0,82.6,154466,63.6,49.2
2026-01-11,PRO008,86.8,40.3,127424,79.8,92.5
2026-01-11,PRO009,86.5,20.7,76356,96.7,33.4
2026-01-11,PRO010,57.7,20.0,7328,86.7,24.5
2026-01-11,PRO011,48.8,83.8,181357,62.6,54.7
2026-01-11,PRO012,60.1,30.7,120538,70.6,8.6
2026-01-11,PRO013,68.7,29.1,73023,89.5,56.4
2026-01-11,PRO014,73.0,31.1,91247,67.4,14.7
2026-01-11,PRO015,67.3,48.5,25321,86.2,91.2
2026-01-11,PRO016,77.2,72.4,3003,80.1,25.8
2026-01-11,PRO017,41.9,24.0,85760,86.5,39.1
2026-01-11,PRO018,82.9,45.0,28591,86.0,31.5
2026-01-11,PRO019,70.3,79.8,107699,91.3,40.9
2026-01-11,PRO020,41.1,71.5,169823,71.4,54.4
2026-01-11,PRO021,51.0,83.2,163797,72.7,84.8
2026-01-11,PRO022,86.3,49.1,113361,81.8,81.0
2026-01-11,PRO023,51.1,42.0,122160,66.4,67.4
2026-01-11,PRO024,89.3,22.5,69022,69.1,84.1
2026-01-11,PRO025,93.9,33.0,53087,68.3,70.7
2026-01-11,PRO026,63.3,48.0,13632,68.3,23.8
2026-01-11,PRO027,95.5,28.6,16466,86.7,66.0
2026-01-11,PRO028,45.8,59.5,126555,88.0,88.3
2026-01-11,PRO029,55.3,30.4,73676,86.0,60.2
2026-01-11,PRO030,74.1,65.4,148027,91.8,45.1
2026-01-11,PRO031,41.9,40.6,61981,66.3,12.4
2026-01-11,PRO032,45.2,27.8,173421,71.8,43.1
2026-01-11,PRO033,79.1,44.2,50030,64.0,17.5
2026-01-11,PRO034,69.3,61.1,58170,91.7,77.7
2026-01-11,PRO035,69.7,68.8,13814,62.5,64.5
2026-01-11,PRO036,66.7,44.7,137188,98.4,22.8
2026-01-12,PRO001,95.6,61.5,167295,64.2,93.6
2026-01-12,PRO002,93.5,50.8,20241,70.5,88.7
2026-01-12,PRO003,85.7,73.6,158230,79.1,60.0
2026-01-12,PRO004,64.7,37.3,12353,78.9,14.8
2026-01-12,PRO005,88.0,27.4,161038,72.2,22.9
2026-01-12,PRO006,94.7,76.8,93341,62.9,63.6
2026-01-12,PRO007,69.1,31.9,128220,95.5,59.4
2026-01-12,PRO008,59.3,24.3,16940,74.8,60.9
2026-01-12,PRO009,72.4,58.7,72249,77.8,61.8
2026-01-12,PRO010,50.1,21.9,8179,74.5,91.9
2026-01-12,PRO011,70.9,41.3,24261,62.4,73.7
2026-01-12,PRO012,75.7,20.6,56555,74.1,66.9
2026-01-12,PRO013,90.9,38.6,165940,86.2,73.4
2026-01-12,PRO014,49.5,67.1,47790,89.0,36.0
2026-01-12,PRO015,63.1,22.4,179165,92.1,64.5
2026-01-12,PRO016,67.6,44.8,44501,71.8,17.0
2026-01-12,PRO017,77.4,23.4,39141,92.8,91.6
2026-01-12,PRO018,47.9,37.9,3411,73.7,89.1
2026-01-12,PRO019,69.8,33.3,165242,84.9,35.6
2026-01-12,PRO020,83.4,64.4,107578,91.3,62.5
2026-01-12,PRO021,94.7,73.2,104213,95.3,45.0
2026-01-12,PRO022,40.7,57.1,112805,63.9,25.8
2026-01-12,PRO023,65.2,44.9,69468,74.3,55.9
2026-01-12,PRO024,96.3,62.6,119375,86.3,62.2
2026-01-12,PRO025,89.0,47.5,68878,84.6,38.4
2026-01-12,PRO026,59.7,53.8,56566,89.2,43.6
2026-01-12,PRO027,41.7,23.8,146510,68.5,74.5
2026-01-12,PRO028,73.2,28.7,63860,80.2,63.7
2026-01-12,PRO029,89.6,55.6,72102,70.2,33.3
2026-01-12,PRO030,87.2,54.2,11308,79.3,10.1
2026-01-12,PRO031,44.8,64.9,134865,62.2,14.3
2026-01-12,PRO032,72.2,22.4,29891,95.0,55.9
2026-01-12,PRO033,84.3,24.2,104813,98.3,23.9
2026-01-12,PRO034,56.7,23.8,110048,83.2,55.8
2026-01-12,PRO035,96.2,66.2,116786,87.2,48.0
2026-01-12,PRO036,59.6,81.0,148656,97.2,10.2
2026-01-13,PRO001,70.7,30.0,168595,80.0,23.4
2026-01-13,PRO002,65.8,30.3,18699,71.9,59.5
2026-01-13,PRO003,56.3,40.4,85247,68.5,36.3
2026-01-13,PRO004,65.4,21.9,99050,85.0,44.0
2026-01-13,PRO005,55.8,22.7,7344,70.9,54.5
2026-01-13,PRO006,85.1,60.0,16994,83.3,62.4
2026-01-13,PRO007,61.0,62.5,7025,76.8,55.0
2026-01-13,PRO008,52.1,63.0,50212,83.4,48.1
2026-01-13,PRO009,77.2,26.5,40635,97.6,16.4
2026-01-13,PRO010,60.2,24.4,71536,72.5,61.2
2026-01-13,PRO011,72.8,56.0,18339,96.3,86.5
2026-01-13,PRO012,87.3,36.3,9825,77.9,30.9
2026-01-13,PRO013,45.1,73.5,43758,81.6,11.0
2026-01-13,PRO014,60.3,49.7,29697,95.4,55.9
2026-01-13,PRO015,65.6,32.6,68931,65.0,71.7
2026-01-13,PRO016,54.8,66.4,88594,79.0,46.7
2026-01-13,PRO017,78.6,62.9,42800,83.8,10.6
2026-01-13,PRO018,86.4,34.3,78481,97.6,48.5
2026-01-13,PRO019,94.2,33.6,25034,65.1,76.2
2026-01-13,PRO020,90.7,57.9,23517,72.2,58.8
2026-01-13,PRO021,80.5,23.8,61325,67.8,8.7
2026-01-13,PRO022,78.9,52.3,108660,65.6,51.9
2026-01-13,PRO023,88.0,23.5,5107,70.4,87.1
2026-01-13,PRO024,96.8,39.1,12360,98.0,24.2
2026-01-13,PRO025,49.6,83.6,164216,93.4,9.9
2026-01-13,PRO026,49.3,27.7,151087,89.4,20.4
2026-01-13,PRO027,72.8,72.6,35176,71.4,13.5
2026-01-13,PRO028,59.5,59.7,11151,90.6,76.6
2026-01-13,PRO029,75.8,56.6,91644,79.6,10.8
2026-01-13,PRO030,49.3,24.4,67518,76.3,61.8
2026-01-13,PRO031,60.7,57.0,171669,77.9,51.2
2026-01-13,PRO032,67.3,71.9,5095,69.6,19.6
2026-01-13,PRO033,62.6,36.7,20329,68.5,58.9
2026-01-13,PRO034,45.4,74.0,21636,89.4,24.9
2026-01-13,PRO035,57.4,36.7,86991,97.5,49.8
2026-01-13,PRO036,73.7,44.5,145136,71.8,29.2
2026-01-14,PRO001,88.7,26.4,4640,74.5,69.9
2026-01-14,PRO002,67.2,60.2,4200,71.2,70.8
2026-01-14,PRO003,80.4,47.2,90104,90.6,64.1
2026-01-14,PRO004,95.2,45.8,54576,69.1,12.5
2026-01-14,PRO005,56.7,19.1,92727,96.7,46.7
2026-01-14,PRO006,41.9,66.6,29630,90.1,74.2
2026-01-14,PRO007,40.8,34.3,104176,92.0,81.6
2026-01-14,PRO008,63.5,49.8,136755,88.6,81.8
2026-01-14,PRO009,83.7,52.4,44207,65.7,81.6
2026-01-14,PRO010,54.0,25.1,102340,75.1,21.2
2026-01-14,PRO011,93.4,20.5,130771,73.2,34.4
2026-01-14,PRO012,49.8,26.7,66210,98.1,64.2
2026-01-14,PRO013,79.7,31.3,3410,97.7,53.9
2026-01-14,PRO014,72.3,27.1,12929,84.2,67.4
2026-01-14,PRO015,82.1,79.6,96622,89.9,22.7
2026-01-14,PRO016,53.0,40.0,133929,77.6,32.0
2026-01-14,PRO017,55.7,60.9,47105,69.2,79.9
2026-01-14,PRO018,82.0,36.1,169345,90.0,59.1
2026-01-14,PRO019,83.6,41.2,139267,82.0,93.5
2026-01-14,PRO020,41.2,19.1,171104,78.5,76.2
2026-01-14,PRO021,92.3,65.3,52308,86.9,38.3
2026-01-14,PRO022,93.1,67.8,133938,87.2,60.5
2026-01-14,PRO023,75.8,53.4,52005,76.1,61.6
2026-01-14,PRO024,92.2,18.4,164807,81.0,60.4
2026-01-14,PRO025,56.1,56.7,93104,72.0,43.8
2026-01-14,PRO026,76.9,70.4,10306,78.6,12.8
2026-01-14,PRO027,79.3,43.6,135230,64.9,49.8
2026-01-14,PRO028,41.7,72.4,129591,63.3,28.1
2026-01-14,PRO029,75.3,65.2,155656,88.4,63.4
2026-01-14,PRO030,73.4,76.6,160052,98.5,27.1
2026-01-14,PRO031,81.1,32.2,67816,72.8,41.9
2026-01-14,PRO032,51.5,27.2,142427,73.4,67.7
2026-01-14,PRO033,67.1,69.0,21579,94.9,75.1
2026-01-14,PRO034,93.5,24.7,88165,69.1,79.9
2026-01-14,PRO035,91.4,30.5,152399,70.4,29.1
2026-01-14,PRO036,52.4,76.2,28610,69.2,90.8
2026-01-15,PRO001,40.2,23.8,32408,69.6,38.2
2026-01-15,PRO002,86.3,51.0,129538,73.9,54.3
2026-01-15,PRO003,69.5,59.6,174241,81.5,31.1
2026-01-15,PRO004,74.4,36.1,64012,78.0,92.2
2026-01-15,PRO005,63.7,35.9,12959,90.6,86.8
2026-01-15,PRO006,81.7,25.6,88526,87.3,58.4
2026-01-15,PRO007,41.5,44.7,135918,89.0,68.4
2026-01-15,PRO008,72.6,39.0,74532,87.6,14.7
2026-01-15,PRO009,58.0,83.2,89113,81.8,85.3
2026-01-15,PRO010,63.4,22.3,21278,93.9,27.2
2026-01-15,PRO011,61.2,21.3,31101,64.6,12.7
2026-01-15,PRO012,93.7,49.7,38523,91.3,87.2
2026-01-15,PRO013,94.3,22.5,36616,86.0,34.0
2026-01-15,PRO014,56.0,67.8,152323,62.9,45.0
2026-01-15,PRO015,78.4,46.5,80101,81.8,35.8
2026-01-15,PRO016,46.2,57.7,31035,88.8,28.5
2026-01-15,PRO017,77.3,45.6,72031,87.9,76.0
2026-01-15,PRO018,65.0,34.5,77158,63.8,93.9
2026-01-15,PRO019,80.2,19.1,147627,76.6,78.8
2026-01-15,PRO020,63.6,37.8,142461,74.2,91.8
2026-01-15,PRO021,93.6,46.9,180418,84.5,86.8
2026-01-15,PRO022,96.6,35.8,13127,80.7,20.5
2026-01-15,PRO023,85.2,24.8,40231,85.8,52.2
2026-01-15,PRO024,66.2,42.9,134030,93.2,65.4
2026-01-15,PRO025,46.0,76.2,66506,70.4,52.7
2026-01-15,PRO026,40.7,43.9,128307,90.1,17.0
2026-01-15,PRO027,40.8,55.5,45096,65.3,90.4
2026-01-15,PRO028,52.8,83.7,103919,84.5,18.6
2026-01-15,PRO029,55.4,43.4,29916,64.7,54.5
2026-01-15,PRO030,69.1,43.5,69521,87.7,43.2
2026-01-15,PRO031,88.8,81.3,18426,98.8,35.4
2026-01-15,PRO032,42.5,59.9,2840,87.5,71.0
2026-01-15,PRO033,49.8,24.4,179587,86.2,75.7
2026-01-15,PRO034,50.7,71.5,123584,92.7,78.7
2026-01-15,PRO035,80.4,20.5,140716,81.7,9.1
2026-01-15,PRO036,84.9,25.6,97280,69.6,93.5
2026-01-16,PRO001,52.4,26.4,28396,73.3,42.2
2026-01-16,PRO002,89.9,35.1,178902,93.7,16.6
2026-01-16,PRO003,87.8,22.0,89941,78.3,88.7
2026-01-16,PRO004,85.8,29.2,127625,82.3,14.7
2026-01-16,PRO005,70.7,68.6,5095,83.0,11.2
2026-01-16,PRO006,90.4,77.9,28320,93.5,13.6
2026-01-16,PRO007,82.5,44.9,24755,85.9,41.3
2026-01-16,PRO008,67.5,42.4,83775,95.8,52.1
2026-01-16,PRO009,45.9,61.7,54570,79.0,15.0
2026-01-16,PRO010,81.3,33.6,19954,86.7,65.8
2026-01-16,PRO011,41.0,42.8,37129,90.3,13.4
2026-01-16,PRO012,67.5,42.8,70660,87.9,35.1
2026-01-16,PRO013,46.9,46.1,69546,69.5,33.9
2026-01-16,PRO014,89.9,24.1,9304,73.3,10.7
2026-01-16,PRO015,45.4,32.2,92526,87.8,78.1
2026-01-16,PRO016,95.8,72.3,79479,90.3,20.1
2026-01-16,PRO017,54.9,42.7,164326,70.9,78.4
2026-01-16,PRO018,73.0,47.5,107760,71.1,58.4
2026-01-16,PRO019,73.2,66.3,139847,90.7,9.0
2026-01-16,PRO020,67.8,39.8,159859,84.1,33.2
2026-01-16,PRO021,66.2,40.0,129320,85.1,38.6
2026-01-16,PRO022,88.7,52.8,173225,62.3,86.2
2026-01-16,PRO023,96.7,20.8,119221,68.1,64.8
2026-01-16,PRO024,46.8,44.0,68365,93.6,64.8
2026-01-16,PRO025,58.3,66.3,15718,65.5,10.1
2026-01-16,PRO026,50.2,30.4,163960,80.5,76.8
2026-01-16,PRO027,43.7,38.9,7914,78.8,67.4
2026-01-16,PRO028,57.4,32.0,79354,93.8,86.5
2026-01-16,PRO029,62.4,46.9,181483,78.2,24.8
2026-01-16,PRO030,71.4,61.9,41759,93.4,64.8
2026-01-16,PRO031,42.4,54.4,90390,86.9,10.5
2026-01-16,PRO032,60.9,62.1,110004,98.5,53.9
2026-01-16,PRO033,85.9,19.3,91614,97.3,24.0
2026-01-16,PRO034,90.2,26.4,154776,91.4,36.4
2026-01-16,PRO035,72.5,68.0,35621,68.0,38.6
2026-01-16,PRO036,66.9,19.2,36319,64.2,52.5
2026-01-17,PRO001,44.0,44.8,157854,65.3,77.9
2026-01-17,PRO002,91.7,58.7,144910,94.1,81.4
2026-01-17,PRO003,44.7,23.8,173677,98.7,67.6
2026-01-17,PRO004,86.6,19.8,92320,66.9,77.8
2026-01-17,PRO005,42.0,27.6,139991,83.6,11.9
2026-01-17,PRO006,46.7,39.7,149666,95.5,82.5
2026-01-17,PRO007,87.1,68.0,165486,96.2,25.1
2026-01-17,PRO008,47.3,57.2,107250,74.7,79.6
2026-01-17,PRO009,55.0,64.5,134330,88.5,33.6
2026-01-17,PRO010,58.7,39.2,53396,85.1,56.6
2026-01-17,PRO011,92.0,73.9,15002,65.0,79.2
2026-01-17,PRO012,83.9,24.0,45387,87.4,61.4
2026-01-17,PRO013,60.3,52.3,144682,78.6,17.4
2026-01-17,PRO014,93.2,23.1,99844,73.7,47.3
2026-01-17,PRO015,42.5,36.7,174864,90.5,71.2
2026-01-17,PRO016,46.1,83.1,145290,93.6,49.8
2026-01-17,PRO017,96.5,67.9,139451,83.0,29.0
2026-01-17,PRO018,96.0,53.5,178092,94.9,37.6
2026-01-17,PRO019,85.4,58.1,107193,70.1,56.3
2026-01-17,PRO020,89.1,48.6,100284,82.7,25.0
2026-01-17,PRO021,78.0,82.3,162566,68.0,47.4
2026-01-17,PRO022,72.2,52.4,86241,91.8,29.6
2026-01-17,PRO023,74.0,40.2,19802,66.3,9.0
2026-01-17,PRO024,75.1,24.2,65403,97.5,13.9
2026-01-17,PRO025,66.2,27.8,111826,98.1,48.2
2026-01-17,PRO026,50.4,60.3,8515,86.1,28.2
2026-01-17,PRO027,85.6,19.0,101470,68.9,36.6
2026-01-17,PRO028,83.3,70.8,92994,64.5,50.5
2026-01-17,PRO029,55.2,68.5,126422,80.8,82.9
2026-01-17,PRO030,45.2,26.7,120921,75.5,34.1
2026-01-17,PRO031,68.4,35.6,52951,71.4,61.5
2026-01-17,PRO032,65.7,60.3,141005,73.6,75.0
2026-01-17,PRO033,58.3,78.3,6399,95.4,11.7
2026-01-17,PRO034,85.5,33.0,118366,77.6,82.5
2026-01-17,PRO035,93.3,47.0,107377,80.5,13.9
2026-01-17,PRO036,64.7,30.2,95758,85.3,37.6
2026-01-18,PRO001,40.6,59.3,163015,98.9,31.5
2026-01-18,PRO002,48.7,81.5,51545,77.2,46.7
2026-01-18,PRO003,80.4,61.6,16318,93.5,54.6
2026-01-18,PRO004,85.3,48.7,29637,88.1,60.9
2026-01-18,PRO005,52.9,74.8,49569,63.6,63.9
2026-01-18,PRO006,84.0,54.3,60518,94.2,59.9
2026-01-18,PRO007,46.0,43.7,34765,88.8,22.4
2026-01-18,PRO008,95.1,72.3,43876,73.0,24.8
2026-01-18,PRO009,84.9,76.5,144048,62.5,49.3
2026-01-18,PRO010,80.9,66.6,118483,73.6,27.8
2026-01-18,PRO011,53.9,70.0,106482,82.6,73.7
2026-01-18,PRO012,72.7,25.0,8494,89.5,19.7
2026-01-18,PRO013,80.4,82.7,43965,80.1,27.6
2026-01-18,PRO014,77.5,67.3,29056,90.1,73.2
2026-01-18,PRO015,90.5,50.6,92225,93.4,33.8
2026-01-18,PRO016,93.8,20.3,106757,64.7,41.7
2026-01-18,PRO017,56.8,61.5,118753,80.8,31.0
2026-01-18,PRO018,92.9,66.8,149381,71.7,84.7
2026-01-18,PRO019,45.4,58.6,81843,85.9,73.1
2026-01-18,PRO020,60.7,65.1,23000,74.4,75.3
2026-01-18,PRO021,61.4,77.7,104462,97.3,89.6
2026-01-18,PRO022,54.2,76.8,59565,69.5,82.5
2026-01-18,PRO023,45.2,20.6,60371,87.9,9.9
2026-01-18,PRO024,62.8,56.2,154420,64.2,11.1
2026-01-18,PRO025,48.0,22.8,162541,71.5,72.0
2026-01-18,PRO026,96.7,52.1,139171,76.7,45.5
2026-01-18,PRO027,95.5,42.4,75936,88.8,71.2
2026-01-18,PRO028,90.0,36.4,29236,98.4,73.6
2026-01-18,PRO029,63.0,47.0,77452,83.2,51.0
2026-01-18,PRO030,54.9,74.2,65267,70.1,10.0
2026-01-18,PRO031,50.2,23.1,87973,79.0,24.6
2026-01-18,PRO032,58.7,36.0,151451,77.5,42.5
2026-01-18,PRO033,54.1,57.2,8091,87.3,11.7
2026-01-18,PRO034,49.3,44.4,17141,73.4,72.3
2026-01-18,PRO035,88.4,63.2,2385,81.3,71.2
2026-01-18,PRO036,40.1,28.0,164614,95.8,51.2
2026-01-19,PRO001,60.6,27.2,24966,71.3,66.4
2026-01-19,PRO002,44.1,82.2,159415,84.9,32.7
2026-01-19,PRO003,65.5,23.6,79737,69.6,26.8
2026-01-19,PRO004,83.1,79.8,12798,66.6,86.0
2026-01-19,PRO005,72.6,43.1,107702,71.1,35.9
2026-01-19,PRO006,82.2,73.0,66643,91.4,74.0
2026-01-19,PRO007,58.3,36.9,116315,88.5,51.8
2026-01-19,PRO008,63.1,77.4,14007,98.1,63.9
2026-01-19,PRO009,58.7,82.2,124841,83.6,34.3
2026-01-19,PRO010,70.1,54.5,164729,68.8,20.1
2026-01-19,PRO011,43.2,31.1,57343,81.6,16.1
2026-01-19,PRO012,61.3,60.4,20626,82.8,65.5
2026-01-19,PRO013,48.5,65.9,96484,76.1,15.5
2026-01-19,PRO014,49.9,51.9,165461,97.8,72.0
2026-01-19,PRO015,84.9,35.1,167404,92.8,28.0
2026-01-19,PRO016,79.6,48.5,85722,76.6,63.9
2026-01-19,PRO017,59.3,19.5,170147,73.9,45.6
2026-01-19,PRO018,86.5,27.8,141885,68.8,9.3
2026-01-19,PRO019,88.7,18.1,28123,70.6,31.2
2026-01-19,PRO020,81.8,36.3,153417,95.5,58.7
2026-01-19,PRO021,64.1,54.0,152403,62.6,76.9
2026-01-19,PRO022,52.3,41.2,45224,86.8,54.0
2026-01-19,PRO023,64.4,75.4,75796,70.1,9.5
2026-01-19,PRO024,48.9,58.6,184530,73.8,83.8
2026-01-19,PRO025,47.6,35.9,133449,77.8,85.8
2026-01-19,PRO026,62.4,62.8,105055,68.6,83.8
2026-01-19,PRO027,41.4,76.2,94198,63.9,35.8
2026-01-19,PRO028,41.0,46.2,159323,74.1,11.2
2026-01-19,PRO029,91.9,79.9,123580,86.0,80.3
2026-01-19,PRO030,47.0,33.3,20267,68.7,92.1
2026-01-19,PRO031,40.7,80.6,115658,64.1,29.1
2026-01-19,PRO032,41.9,68.5,177740,68.3,38.0
2026-01-19,PRO033,52.7,46.4,147132,87.0,21.7
2026-01-19,PRO034,96.2,41.9,23695,67.3,85.1
2026-01-19,PRO035,70.8,80.2,69255,79.9,46.3
2026-01-19,PRO036,59.7,54.9,7368,62.9,13.8
2026-01-20,PRO001,50.3,70.7,86834,97.5,71.5
2026-01-20,PRO002,93.8,57.6,170753,71.6,35.7
2026-01-20,PRO003,68.5,73.2,56785,79.0,69.1
2026-01-20,PRO004,62.3,20.3,39927,93.0,89.6
2026-01-20,PRO005,55.1,73.8,82971,92.1,44.7
2026-01-20,PRO006,76.3,46.9,110584,96.2,18.3
2026-01-20,PRO007,64.4,50.0,68586,85.8,71.4
2026-01-20,PRO008,78.4,52.5,166897,63.0,26.4
2026-01-20,PRO009,47.1,51.5,139076,63.4,72.7
2026-01-20,PRO010,88.1,74.2,178427,79.9,70.2
2026-01-20,PRO011,67.1,77.1,12260,84.9,57.1
2026-01-20,PRO012,70.2,62.7,92307,85.6,32.6
2026-01-20,PRO013,83.1,48.5,13351,72.9,23.8
2026-01-20,PRO014,87.4,65.8,113716,97.9,32.5
2026-01-20,PRO015,88.6,20.9,57169,69.1,36.3
2026-01-20,PRO016,53.0,42.7,66480,94.3,80.7
2026-01-20,PRO017,71.8,62.4,154355,66.3,71.7
2026-01-20,PRO018,69.6,53.3,181438,95.8,76.7
2026-01-20,PRO019,61.3,56.5,60962,62.7,18.5
2026-01-20,PRO020,94.5,70.6,154366,67.2,13.4
2026-01-20,PRO021,41.6,73.5,88536,82.8,88.6
2026-01-20,PRO022,78.8,82.5,176836,77.2,63.2
2026-01-20,PRO023,40.3,18.1,4597,74.7,33.1
2026-01-20,PRO024,70.3,50.3,45061,63.0,14.5
2026-01-20,PRO025,47.3,79.5,56157,95.7,38.2
2026-01-20,PRO026,76.8,42.8,83399,64.2,29.4
2026-01-20,PRO027,70.8,23.6,110521,88.2,39.9
2026-01-20,PRO028,93.3,42.8,172534,90.2,10.2
2026-01-20,PRO029,72.3,35.1,13193,95.8,35.3
2026-01-20,PRO030,49.1,22.3,154227,77.9,81.5
2026-01-20,PRO031,86.3,66.8,97266,95.9,41.3
2026-01-20,PRO032,94.7,19.1,16964,68.5,29.7
2026-01-20,PRO033,70.6,72.4,55346,80.3,52.9
2026-01-20,PRO034,63.8,24.7,64702,68.2,54.1
2026-01-20,PRO035,44.5,51.8,183931,85.8,45.2
2026-01-20,PRO036,73.3,59.5,127514,69.1,48.3
2026-01-21,PRO001,76.6,74.1,137356,95.7,50.6
2026-01-21,PRO002,63.7,81.0,127757,97.2,91.0
2026-01-21,PRO003,65.8,43.2,91806,78.5,59.9
2026-01-21,PRO004,90.3,58.8,163539,73.1,92.8
2026-01-21,PRO005,43.9,65.9,120959,90.0,33.8
2026-01-21,PRO006,47.1,23.5,97683,92.1,62.1
2026-01-21,PRO007,70.8,61.7,30604,65.1,71.0
2026-01-21,PRO008,71.1,61.3,136255,85.6,35.3
2026-01-21,PRO009,53.5,72.0,131454,75.2,84.8
2026-01-21,PRO010,48.1,51.4,110959,85.8,43.9
2026-01-21,PRO011,78.9,22.9,8162,75.9,53.4
2026-01-21,PRO012,60.7,53.9,170668,82.7,73.5
2026-01-21,PRO013,65.4,73.2,149455,76.6,90.8
2026-01-21,PRO014,86.3,70.4,114435,92.0,78.1
2026-01-21,PRO015,62.7,40.4,77076,64.1,10.5
2026-01-21,PRO016,52.2,45.4,15784,93.8,72.9
2026-01-21,PRO017,57.6,65.5,8574,93.0,27.3
2026-01-21,PRO018,40.1,24.0,39376,70.9,20.5
2026-01-21,PRO019,96.1,73.7,147128,72.9,52.1
2026-01-21,PRO020,63.8,83.9,126514,62.2,16.9
2026-01-21,PRO021,95.3,34.1,99608,80.6,47.9
2026-01-21,PRO022,96.1,23.2,94472,77.9,56.0
2026-01-21,PRO023,60.0,33.9,53371,94.7,28.3
2026-01-21,PRO024,69.7,18.1,140878,63.8,43.9
2026-01-21,PRO025,60.2,70.6,13187,92.8,79.9
2026-01-21,PRO026,47.5,18.8,47146,67.8,70.4
2026-01-21,PRO027,69.8,19.0,65932,71.1,65.2
2026-01-21,PRO028,87.5,73.4,148325,65.6,33.9
2026-01-21,PRO029,40.8,20.4,93052,88.0,23.3
2026-01-21,PRO030,62.0,32.9,72244,96.5,46.1
2026-01-21,PRO031,64.7,44.6,58203,90.4,14.1
2026-01-21,PRO032,57.1,34.6,114790,80.0,22.1
2026-01-21,PRO033,55.9,42.7,109115,75.6,39.6
2026-01-21,PRO034,79.3,66.9,113847,78.0,58.7
2026-01-21,PRO035,91.5,30.2,175866,65.7,63.4
2026-01-21,PRO036,71.6,55.8,20682,63.3,68.4
2026-01-22,PRO001,84.8,50.3,114077,92.8,91.5
2026-01-22,PRO002,87.9,75.3,64499,77.7,21.7
2026-01-22,PRO003,93.7,32.2,32637,78.4,51.7
2026-01-22,PRO004,51.0,60.5,16231,63.4,41.6
2026-01-22,PRO005,73.7,39.9,165952,71.5,70.2
2026-01-22,PRO006,67.2,81.5,180778,98.6,33.5
2026-01-22,PRO007,83.5,68.5,99569,98.2,31.8
2026-01-22,PRO008,76.1,62.3,127603,95.0,56.5
2026-01-22,PRO009,65.0,38.3,41474,69.9,57.4
2026-01-22,PRO010,48.1,63.1,100701,62.0,56.4
2026-01-22,PRO011,49.5,83.1,23795,95.1,12.1
2026-01-22,PRO012,47.3,52.2,8990,78.8,86.7
2026-01-22,PRO013,91.5,58.8,111135,94.6,38.3
2026-01-22,PRO014,75.6,47.4,3905,68.9,83.0
2026-01-22,PRO015,48.8,24.0,16761,89.9,91.8
2026-01-22,PRO016,82.1,31.3,14495,83.6,48.8
2026-01-22,PRO017,66.7,79.4,12431,79.8,31.5
2026-01-22,PRO018,42.0,78.3,173289,70.4,76.5
2026-01-22,PRO019,93.9,23.2,139416,66.3,76.3
2026-01-22,PRO020,61.3,58.8,146216,79.3,44.9
2026-01-22,PRO021,82.7,74.1,47665,82.7,80.9
2026-01-22,PRO022,58.8,64.8,25847,88.2,26.3
2026-01-22,PRO023,83.2,23.0,52026,84.5,91.8
2026-01-22,PRO024,52.6,68.2,75954,85.1,35.8
2026-01-22,PRO025,65.2,77.5,19279,97.0,86.6
2026-01-22,PRO026,52.5,63.8,107795,95.9,48.3
2026-01-22,PRO027,41.2,58.6,10062,97.7,38.0
2026-01-22,PRO028,47.1,79.4,2941,89.4,51.3
2026-01-22,PRO029,80.2,80.9,154275,78.3,81.3
2026-01-22,PRO030,78.1,51.5,152514,89.5,54.7
2026-01-22,PRO031,90.8,47.9,86242,85.9,41.4
2026-01-22,PRO032,83.3,66.2,140618,88.4,81.1
2026-01-22,PRO033,41.6,38.1,21484,83.1,26.2
2026-01-22,PRO034,65.9,31.0,85607,70.4,85.0
2026-01-22,PRO035,52.4,66.1,140575,64.3,52.2
2026-01-22,PRO036,78.8,73.5,152059,83.3,22.0
2026-01-23,PRO001,87.6,76.2,184851,62.1,32.3
2026-01-23,PRO002,66.3,27.1,98399,80.2,89.3
2026-01-23,PRO003,59.8,54.8,174870,83.3,13.3
2026-01-23,PRO004,71.4,73.5,82667,66.6,71.9
2026-01-23,PRO005,59.5,34.5,23295,78.6,40.8
2026-01-23,PRO006,79.9,56.7,170582,64.8,43.5
2026-01-23,PRO007,64.2,43.6,21187,89.4,78.2
2026-01-23,PRO008,49.6,58.2,170949,79.9,9.8
2026-01-23,PRO009,65.0,43.7,32704,65.2,81.5
2026-01-23,PRO010,51.8,53.8,18116,98.1,89.2
2026-01-23,PRO011,42.0,63.0,107478,79.2,29.2
2026-01-23,PRO012,44.0,21.1,78376,95.7,34.4
2026-01-23,PRO013,74.3,47.0,117039,95.5,14.5
2026-01-23,PRO014,59.0,69.8,121911,93.3,72.0
2026-01-23,PRO015,62.7,69.6,143079,65.2,79.2
2026-01-23,PRO016,87.7,28.1,140356,82.0,91.9
2026-01-23,PRO017,46.7,75.5,77290,80.2,88.8
2026-01-23,PRO018,44.2,33.7,141787,68.6,21.7
2026-01-23,PRO019,64.5,83.6,123732,81.6,16.0
2026-01-23,PRO020,62.4,65.4,141316,96.3,67.4
2026-01-23,PRO021,46.0,69.4,125667,66.2,62.9
2026-01-23,PRO022,64.2,21.5,42833,78.2,44.7
2026-01-23,PRO023,61.2,35.8,40783,62.7,35.2
2026-01-23,PRO024,91.6,27.3,139515,82.4,48.3
2026-01-23,PRO025,48.6,35.0,30977,67.9,69.4
2026-01-23,PRO026,94.7,21.1,147082,79.1,9.6
2026-01-23,PRO027,88.2,18.9,37824,62.8,89.2
2026-01-23,PRO028,44.9,27.5,35404,86.2,66.6
2026-01-23,PRO029,68.9,22.1,126948,72.9,65.5
2026-01-23,PRO030,44.2,43.5,33200,84.0,35.0
2026-01-23,PRO031,67.4,76.6,55846,78.2,24.8
2026-01-23,PRO032,96.4,44.4,119128,63.9,34.8
2026-01-23,PRO033,50.7,83.3,133070,94.6,62.7
2026-01-23,PRO034,74.8,61.2,99913,74.7,53.6
2026-01-23,PRO035,69.3,61.2,68956,67.4,46.3
2026-01-23,PRO036,76.6,40.4,115408,93.1,12.5
2026-01-24,PRO001,63.8,65.3,27313,80.1,84.9
2026-01-24,PRO002,86.2,65.1,128287,83.4,18.8
2026-01-24,PRO003,96.5,45.8,43334,78.5,33.5
2026-01-24,PRO004,43.6,60.3,152190,65.4,13.6
2026-01-24,PRO005,54.0,19.7,111078,84.5,27.1
2026-01-24,PRO006,85.6,81.5,32563,81.9,18.7
2026-01-24,PRO007,67.0,72.6,80274,64.1,48.9
2026-01-24,PRO008,68.9,30.2,163696,97.7,49.6
2026-01-24,PRO009,57.6,58.2,17355,93.8,39.7
2026-01-24,PRO010,43.2,78.8,157463,66.9,14.0
2026-01-24,PRO011,60.8,20.7,150793,84.9,89.2
2026-01-24,PRO012,41.2,50.0,146668,93.9,93.3
2026-01-24,PRO013,41.5,80.6,122837,72.8,21.1
2026-01-24,PRO014,72.6,35.3,174486,75.1,55.5
2026-01-24,PRO015,56.2,58.0,157450,96.4,83.1
2026-01-24,PRO016,76.1,74.2,70438,80.6,11.5
2026-01-24,PRO017,82.1,78.4,76968,84.1,90.9
2026-01-24,PRO018,77.2,62.7,72299,90.3,53.1
2026-01-24,PRO019,45.7,51.0,5653,74.6,38.3
2026-01-24,PRO020,83.3,71.7,119222,65.8,56.3
2026-01-24,PRO021,71.1,24.8,15475,73.5,65.4
2026-01-24,PRO022,71.8,33.2,3738,75.6,80.9
2026-01-24,PRO023,70.2,81.2,145312,64.0,93.7
2026-01-24,PRO024,75.9,55.2,158857,98.7,26.2
2026-01-24,PRO025,90.2,21.0,178949,74.9,24.5
2026-01-24,PRO026,65.5,23.2,11334,74.7,75.2
2026-01-24,PRO027,64.3,77.0,158290,69.8,79.1
2026-01-24,PRO028,89.1,46.4,113990,75.1,53.3
2026-01-24,PRO029,43.8,71.7,15641,78.0,33.8
2026-01-24,PRO030,58.7,65.3,149470,78.2,38.6
2026-01-24,PRO031,49.5,19.8,157733,63.6,14.3
2026-01-24,PRO032,65.7,61.6,56334,97.1,52.2
2026-01-24,PRO033,61.3,61.0,91838,70.9,36.3
2026-01-24,PRO034,93.9,24.9,101489,62.3,81.2
2026-01-24,PRO035,84.0,82.8,101528,80.4,75.4
2026-01-24,PRO036,86.4,19.4,132806,98.7,55.6
2026-01-25,PRO001,60.3,61.5,102968,75.8,85.2
2026-01-25,PRO002,88.0,41.9,183864,62.2,78.1
2026-01-25,PRO003,76.8,18.1,45558,64.0,41.1
2026-01-25,PRO004,77.5,82.0,141753,82.4,64.6
2026-01-25,PRO005,67.0,62.2,64415,78.4,81.5
2026-01-25,PRO006,41.1,76.2,179334,76.2,36.9
2026-01-25,PRO007,44.3,22.6,11405,86.9,58.2
2026-01-25,PRO008,85.7,47.4,76883,65.8,44.6
2026-01-25,PRO009,54.3,71.7,81994,94.9,92.2
2026-01-25,PRO010,92.8,19.5,181129,89.2,52.3
2026-01-25,PRO011,90.6,52.1,20989,66.0,29.3
2026-01-25,PRO012,53.8,51.1,73110,68.4,32.0
2026-01-25,PRO013,70.2,47.7,10247,73.6,25.6
2026-01-25,PRO014,79.4,68.8,164996,66.6,38.7
2026-01-25,PRO015,91.0,48.5,163573,98.9,22.2
2026-01-25,PRO016,43.7,40.1,66335,67.4,76.5
2026-01-25,PRO017,70.1,47.0,169336,78.7,40.9
2026-01-25,PRO018,88.2,18.1,181129,78.5,51.4
2026-01-25,PRO019,42.0,60.3,56820,79.1,77.6
2026-01-25,PRO020,40.7,47.6,74559,87.9,27.4
2026-01-25,PRO021,83.6,79.5,123480,65.0,79.9
2026-01-25,PRO022,94.7,34.4,172728,89.8,55.5
2026-01-25,PRO023,58.5,48.9,40560,68.1,51.7
2026-01-25,PRO024,86.0,83.3,38357,78.4,52.2
2026-01-25,PRO025,45.6,28.3,80909,79.2,29.0
2026-01-25,PRO026,91.9,24.6,122484,75.7,82.6
2026-01-25,PRO027,42.3,45.1,75716,62.9,65.2
2026-01-25,PRO028,70.4,50.8,36516,87.4,43.6
2026-01-25,PRO029,61.5,76.7,177889,66.5,59.7
2026-01-25,PRO030,80.7,59.3,174922,92.0,19.3
2026-01-25,PRO031,82.3,82.6,61076,62.9,85.4
2026-01-25,PRO032,78.8,58.2,89650,79.8,51.9
2026-01-25,PRO033,69.2,55.4,99994,64.4,31.7
2026-01-25,PRO034,49.3,49.7,61899,88.2,13.2
2026-01-25,PRO035,43.2,80.3,13548,94.0,32.1
2026-01-25,PRO036,76.9,48.5,92810,73.1,28.9
2026-01-26,PRO001,93.5,33.9,73969,90.3,45.8
2026-01-26,PRO002,78.9,54.6,135572,74.9,93.4
2026-01-26,PRO003,59.6,57.1,68974,75.0,8.8
2026-01-26,PRO004,87.0,72.4,97496,62.7,28.8
2026-01-26,PRO005,83.7,73.4,95761,79.5,39.4
2026-01-26,PRO006,47.2,40.3,130159,81.1,35.2
2026-01-26,PRO007,76.6,24.2,123174,90.5,27.3
2026-01-26,PRO008,70.6,32.4,110085,65.3,57.4
2026-01-26,PRO009,46.8,45.4,168480,87.6,40.8
2026-01-26,PRO010,66.9,41.9,63589,87.6,86.4
2026-01-26,PRO011,69.8,39.1,77854,87.3,75.8
2026-01-26,PRO012,66.7,53.6,85088,62.6,68.5
2026-01-26,PRO013,64.8,42.0,156238,95.5,49.3
2026-01-26,PRO014,74.3,43.5,41568,94.6,16.8
2026-01-26,PRO015,84.3,63.3,53075,93.4,27.3
2026-01-26,PRO016,60.7,81.1,104651,83.2,31.3
2026-01-26,PRO017,81.5,69.7,104047,94.2,81.8
2026-01-26,PRO018,76.6,30.9,169164,82.2,74.7
2026-01-26,PRO019,41.6,73.7,156921,70.2,22.7
2026-01-26,PRO020,45.7,23.9,48705,75.4,93.9
2026-01-26,PRO021,46.3,48.4,87730,64.1,84.7
2026-01-26,PRO022,70.9,28.8,172033,78.4,64.0
2026-01-26,PRO023,79.9,38.3,181636,70.5,9.6
2026-01-26,PRO024,66.5,67.3,121187,85.0,34.3
2026-01-26,PRO025,42.7,28.2,169201,64.8,36.4
2026-01-26,PRO026,89.4,82.2,23983,76.6,85.3
2026-01-26,PRO027,94.6,40.3,7696,91.6,58.9
2026-01-26,PRO028,51.0,65.5,162738,77.9,48.8
2026-01-26,PRO029,48.6,28.6,162293,67.3,68.7
2026-01-26,PRO030,96.3,26.5,175409,69.1,54.7
2026-01-26,PRO031,70.6,61.5,77477,91.6,11.4
2026-01-26,PRO032,46.6,45.7,122890,86.9,44.2
2026-01-26,PRO033,68.3,39.9,59277,97.4,28.0
2026-01-26,PRO034,48.1,28.1,22892,70.7,41.1
2026-01-26,PRO035,71.8,74.2,63572,95.2,35.3
2026-01-26,PRO036,68.2,41.7,80164,78.3,44.3
2026-01-27,PRO001,82.8,20.4,182052,80.6,69.2
2026-01-27,PRO002,43.1,57.8,84486,84.2,39.0
2026-01-27,PRO003,84.0,49.1,131439,62.0,84.9
2026-01-27,PRO004,88.3,67.3,76277,89.2,39.0
2026-01-27,PRO005,74.5,66.1,167757,87.0,26.5
2026-01-27,PRO006,43.6,38.7,17408,84.2,56.7
2026-01-27,PRO007,87.4,35.1,81821,89.4,58.5
2026-01-27,PRO008,90.3,65.3,76481,85.2,36.4
2026-01-27,PRO009,57.7,25.2,157971,90.0,54.2
2026-01-27,PRO010,96.5,50.5,49426,64.4,42.1
2026-01-27,PRO011,68.8,82.9,131415,88.6,64.9
2026-01-27,PRO012,58.9,80.6,47441,70.8,65.0
2026-01-27,PRO013,56.5,21.8,95266,65.5,69.7
2026-01-27,PRO014,49.0,54.3,67486,95.5,50.0
2026-01-27,PRO015,94.9,68.8,174452,78.5,57.3
2026-01-27,PRO016,84.7,64.2,6674,70.5,69.5
2026-01-27,PRO017,47.5,71.4,38273,82.4,18.2
2026-01-27,PRO018,57.2,73.6,179255,86.4,45.5
2026-01-27,PRO019,70.4,83.0,92834,69.3,9.1
2026-01-27,PRO020,87.6,51.8,126545,86.1,8.6
2026-01-27,PRO021,65.9,22.2,55419,82.4,80.4
2026-01-27,PRO022,56.8,62.2,13932,66.2,48.9
2026-01-27,PRO023,71.7,84.0,64320,70.5,19.9
2026-01-27,PRO024,48.4,26.0,105649,72.8,50.9
2026-01-27,PRO025,63.8,83.8,135312,92.7,50.1
2026-01-27,PRO026,92.8,31.4,120000,69.1,58.7
2026-01-27,PRO027,54.1,45.7,47191,63.7,18.7
2026-01-27,PRO028,52.5,38.4,180580,97.5,19.9
2026-01-27,PRO029,91.2,40.7,47915,68.0,54.8
2026-01-27,PRO030,47.9,32.6,69867,87.8,72.0
2026-01-27,PRO031,79.0,57.8,47283,87.7,44.8
2026-01-27,PRO032,96.2,66.9,151308,72.1,90.5
2026-01-27,PRO033,73.4,21.9,52492,88.1,82.9
2026-01-27,PRO034,67.4,70.4,18279,83.9,24.8
2026-01-27,PRO035,59.0,54.3,71033,72.4,44.1
2026-01-27,PRO036,69.7,20.7,167165,96.0,37.3
2026-01-28,PRO001,70.4,31.5,96480,88.9,19.2
2026-01-28,PRO002,78.7,38.7,49641,96.3,15.6
2026-01-28,PRO003,82.3,49.5,179611,67.6,29.7
2026-01-28,PRO004,67.6,58.5,104672,79.3,28.6
2026-01-28,PRO005,91.2,21.5,141640,94.0,14.9
2026-01-28,PRO006,72.5,50.8,122341,83.8,75.2
2026-01-28,PRO007,56.5,63.2,5792,78.9,18.4
2026-01-28,PRO008,44.7,83.6,93395,67.4,49.1
2026-01-28,PRO009,92.6,57.6,86068,68.0,14.7
2026-01-28,PRO010,86.8,35.7,166399,79.2,61.2
2026-01-28,PRO011,47.7,51.8,72242,63.4,33.7
2026-01-28,PRO012,77.7,66.6,28663,71.0,44.1
2026-01-28,PRO013,62.6,78.9,178020,82.4,29.9
2026-01-28,PRO014,48.9,61.1,119752,88.8,15.6
2026-01-28,PRO015,83.4,49.4,150864,93.5,59.8
2026-01-28,PRO016,54.2,24.2,169347,98.8,59.7
2026-01-28,PRO017,47.0,26.2,115301,81.1,21.9
2026-01-28,PRO018,41.8,22.5,100689,72.2,57.5
2026-01-28,PRO019,82.8,78.8,24689,75.7,20.5
2026-01-28,PRO020,74.3,20.0,18326,65.6,21.3
2026-01-28,PRO021,49.0,68.9,16210,65.9,83.9
2026-01-28,PRO022,95.8,62.4,43739,86.3,22.2
2026-01-28,PRO023,78.6,68.3,181947,87.5,57.0
2026-01-28,PRO024,75.9,37.4,57031,72.3,17.3
2026-01-28,PRO025,87.9,22.6,81767,82.0,84.5
2026-01-28,PRO026,42.9,59.5,4135,93.3,24.7
2026-01-28,PRO027,55.2,26.2,17803,71.8,15.9
2026-01-28,PRO028,53.5,58.8,142508,80.7,82.5
2026-01-28,PRO029,88.9,31.2,28420,64.5,20.8
2026-01-28,PRO030,44.0,48.6,183372,91.6,52.0
2026-01-28,PRO031,51.9,83.6,141817,79.6,12.2
2026-01-28,PRO032,92.6,35.0,145987,90.8,49.3
2026-01-28,PRO033,91.6,53.8,148964,92.5,29.9
2026-01-28,PRO034,78.3,75.8,140544,88.3,62.8
2026-01-28,PRO035,54.8,30.5,46174,81.8,77.1
2026-01-28,PRO036,80.9,45.9,30585,84.4,51.6
2026-01-29,PRO001,76.9,65.0,42860,93.1,59.0
2026-01-29,PRO002,56.6,61.7,180811,71.2,33.1
2026-01-29,PRO003,70.6,31.9,22769,74.8,23.2
2026-01-29,PRO004,56.7,41.6,92344,83.4,56.6
2026-01-29,PRO005,43.2,60.7,79696,80.1,77.4
2026-01-29,PRO006,73.1,60.0,80473,73.6,92.8
2026-01-29,PRO007,47.3,74.1,141394,74.8,73.8
2026-01-29,PRO008,57.5,22.7,119436,87.1,83.8
2026-01-29,PRO009,59.5,29.1,79765,96.5,15.1
2026-01-29,PRO010,94.8,63.1,63589,63.7,61.1
2026-01-29,PRO011,64.5,56.1,139094,80.6,78.4
2026-01-29,PRO012,58.6,18.1,117316,69.5,45.6
2026-01-29,PRO013,41.7,66.3,183919,78.9,9.6
2026-01-29,PRO014,54.1,41.0,14041,67.5,34.1
2026-01-29,PRO015,87.3,22.9,86161,95.6,55.0
2026-01-29,PRO016,90.3,26.0,163871,78.6,53.3
2026-01-29,PRO017,92.6,39.2,137060,88.8,15.9
2026-01-29,PRO018,71.0,56.7,97555,89.1,83.3
2026-01-29,PRO019,76.6,50.2,91214,88.2,93.4
2026-01-29,PRO020,70.4,34.4,118753,83.2,77.5
2026-01-29,PRO021,95.7,63.5,33834,71.9,92.8
2026-01-29,PRO022,91.1,56.1,151598,71.1,72.5
2026-01-29,PRO023,64.5,31.1,101641,72.1,84.4
2026-01-29,PRO024,94.4,56.8,140110,69.4,22.7
2026-01-29,PRO025,60.3,44.0,124885,93.3,34.1
2026-01-29,PRO026,61.4,67.0,10059,70.6,19.6
2026-01-29,PRO027,46.2,33.7,168663,93.5,16.7
2026-01-29,PRO028,64.4,67.7,76547,90.7,8.9
2026-01-29,PRO029,50.0,40.1,75836,78.8,44.2
2026-01-29,PRO030,70.4,40.7,44232,96.9,73.5
2026-01-29,PRO031,66.3,59.2,126472,67.8,58.6
2026-01-29,PRO032,56.4,70.5,61505,87.5,70.6
2026-01-29,PRO033,80.5,66.9,132161,64.8,51.8
2026-01-29,PRO034,67.8,39.4,148197,63.7,60.2
2026-01-29,PRO035,95.5,34.3,62323,82.5,92.6
2026-01-29,PRO036,49.0,18.9,103082,85.9,53.9
2026-01-30,PRO001,43.9,72.6,93705,80.7,91.5
2026-01-30,PRO002,41.4,35.6,22539,98.6,33.8
2026-01-30,PRO003,46.0,23.4,69024,93.5,26.2
2026-01-30,PRO004,43.3,53.1,172119,94.9,83.9
2026-01-30,PRO005,74.6,54.2,109215,92.8,79.9
2026-01-30,PRO006,66.8,58.0,175292,89.3,22.8
2026-01-30,PRO007,63.7,74.4,15503,93.8,74.8
2026-01-30,PRO008,80.1,80.3,138733,67.7,19.2
2026-01-30,PRO009,74.7,29.5,19055,75.8,80.8
2026-01-30,PRO010,54.6,52.2,173634,97.0,21.3
2026-01-30,PRO011,49.4,47.6,116904,68.7,59.9
2026-01-30,PRO012,73.1,52.3,52552,81.9,26.7
2026-01-30,PRO013,95.0,59.1,65647,69.5,32.1
2026-01-30,PRO014,62.8,22.7,68841,90.5,91.2
2026-01-30,PRO015,56.3,61.9,17076,97.8,58.4
2026-01-30,PRO016,76.1,67.1,25221,84.8,49.5
2026-01-30,PRO017,92.2,69.4,157826,81.7,73.0
2026-01-30,PRO018,59.4,57.2,154016,95.8,35.1
2026-01-30,PRO019,89.8,26.8,4520,81.5,27.1
2026-01-30,PRO020,74.6,31.4,118821,80.6,86.6
2026-01-30,PRO021,43.9,32.3,50650,82.7,55.1
2026-01-30,PRO022,87.8,40.4,122299,84.5,11.1
2026-01-30,PRO023,72.7,49.4,151058,64.1,92.2
2026-01-30,PRO024,64.7,23.9,140010,88.1,45.0
2026-01-30,PRO025,54.3,22.3,100035,85.2,22.0
2026-01-30,PRO026,91.1,76.8,21482,82.9,42.6
2026-01-30,PRO027,69.0,20.0,169880,96.0,32.4
2026-01-30,PRO028,49.9,73.1,18279,96.8,8.9
2026-01-30,PRO029,93.6,79.9,98983,88.5,26.5
2026-01-30,PRO030,90.8,77.5,133922,68.7,11.5
2026-01-30,PRO031,77.7,67.1,87442,67.4,31.6
2026-01-30,PRO032,62.3,60.0,26964,72.6,73.3
2026-01-30,PRO033,56.7,28.5,159962,86.6,80.7
2026-01-30,PRO034,62.0,24.6,70890,79.9,21.7
2026-01-30,PRO035,85.9,19.3,37459,68.8,69.1
2026-01-30,PRO036,40.9,77.1,151400,73.3,27.4
2026-01-31,PRO001,42.0,64.9,142590,86.2,25.6
2026-01-31,PRO002,58.1,62.2,164250,84.9,11.6
2026-01-31,PRO003,63.9,60.0,95883,62.6,65.0
2026-01-31,PRO004,41.9,73.1,152847,64.2,56.2
2026-01-31,PRO005,82.2,59.6,34005,90.8,75.1
2026-01-31,PRO006,69.2,45.2,40177,92.9,9.1
2026-01-31,PRO007,51.5,21.0,22299,67.9,85.9
2026-01-31,PRO008,71.7,71.3,90598,66.7,37.4
2026-01-31,PRO009,53.7,70.4,71068,92.6,56.2
2026-01-31,PRO010,81.3,40.0,114252,73.9,36.2
2026-01-31,PRO011,44.7,59.5,101427,70.2,18.5
2026-01-31,PRO012,48.4,21.8,11271,62.5,20.1
2026-01-31,PRO013,52.3,37.7,172168,82.1,35.7
2026-01-31,PRO014,78.9,53.2,68215,73.8,67.1
2026-01-31,PRO015,90.2,67.4,110572,97.9,36.3
2026-01-31,PRO016,64.6,81.8,124910,85.3,21.3
2026-01-31,PRO017,50.9,76.2,124191,62.0,54.9
2026-01-31,PRO018,85.5,53.9,139313,74.6,35.9
2026-01-31,PRO019,95.2,62.2,79899,67.0,21.8
2026-01-31,PRO020,59.9,20.1,85302,87.5,51.2
2026-01-31,PRO021,68.0,25.1,184013,94.0,69.6
2026-01-31,PRO022,70.6,52.1,106935,79.4,84.6
2026-01-31,PRO023,76.3,62.0,146186,75.4,84.7
2026-01-31,PRO024,74.9,24.3,68119,68.2,92.2
2026-01-31,PRO025,91.0,34.0,150880,87.0,12.7
2026-01-31,PRO026,75.4,76.6,67072,64.1,55.6
2026-01-31,PRO027,96.3,78.5,144128,64.6,39.0
2026-01-31,PRO028,52.2,57.8,157508,71.8,41.2
2026-01-31,PRO029,40.9,21.3,141448,77.9,85.9
2026-01-31,PRO030,70.6,45.0,169284,71.2,12.9
2026-01-31,PRO031,71.3,83.3,174640,65.9,21.7
2026-01-31,PRO032,42.9,77.0,93530,78.3,70.5
2026-01-31,PRO033,78.3,79.9,116220,64.5,36.5
2026-01-31,PRO034,42.1,64.1,17514,69.4,64.4
2026-01-31,PRO035,95.6,19.3,137838,79.1,72.2
2026-01-31,PRO036,96.0,70.2,13065,78.7,83.2
2026-02-01,PRO001,83.5,29.1,15177,88.1,64.6
2026-02-01,PRO002,74.7,63.9,130642,96.8,21.3
2026-02-01,PRO003,66.6,76.4,111340,79.0,40.0
2026-02-01,PRO004,92.9,18.9,114600,82.5,53.9
2026-02-01,PRO005,63.3,24.2,24533,85.7,8.0
2026-02-01,PRO006,44.6,61.3,26904,67.4,49.7
2026-02-01,PRO007,87.5,82.4,19576,66.4,89.6
2026-02-01,PRO008,86.2,29.0,154304,69.1,55.9
2026-02-01,PRO009,62.3,57.9,175996,81.3,9.1
2026-02-01,PRO010,89.2,56.2,182884,76.2,55.3
2026-02-01,PRO011,57.4,43.0,16746,87.6,31.3
2026-02-01,PRO012,64.5,40.4,93010,94.8,91.1
2026-02-01,PRO013,47.0,34.3,174497,70.0,43.8
2026-02-01,PRO014,67.1,32.4,141182,82.3,29.7
2026-02-01,PRO015,68.0,54.3,120697,81.0,25.3
2026-02-01,PRO016,74.1,54.2,145114,68.5,29.9
2026-02-01,PRO017,80.6,65.9,29735,69.7,10.1
2026-02-01,PRO018,61.0,21.3,109096,80.9,89.4
2026-02-01,PRO019,49.1,71.6,62388,86.9,72.1
2026-02-01,PRO020,46.2,56.8,174996,89.6,74.6
2026-02-01,PRO021,87.6,66.3,97519,85.7,35.5
2026-02-01,PRO022,50.7,74.4,62797,72.6,71.8
2026-02-01,PRO023,77.9,34.5,178194,68.2,19.2
2026-02-01,PRO024,61.2,83.8,81195,68.5,35.6
2026-02-01,PRO025,67.2,37.8,98655,72.3,79.3
2026-02-01,PRO026,96.3,70.1,126940,68.6,40.1
2026-02-01,PRO027,53.2,73.2,4520,81.5,32.5
2026-02-01,PRO028,85.4,32.0,106323,94.5,26.6
2026-02-01,PRO029,83.7,28.3,26551,62.3,77.5
2026-02-01,PRO030,42.7,24.5,182999,88.3,58.5
2026-02-01,PRO031,65.1,75.0,73585,64.8,40.0
2026-02-01,PRO032,53.4,26.6,56559,69.2,49.7
2026-02-01,PRO033,66.6,67.4,38093,87.8,10.1
2026-02-01,PRO034,56.0,74.8,3064,74.4,29.2
2026-02-01,PRO035,72.1,18.1,180631,74.3,29.3
2026-02-01,PRO036,44.9,59.2,124312,89.5,88.9
2026-02-02,PRO001,87.5,78.8,132164,79.0,61.4
2026-02-02,PRO002,64.3,44.3,152379,69.5,60.3
2026-02-02,PRO003,78.1,55.9,79441,69.3,93.7
2026-02-02,PRO004,89.7,68.0,7880,77.1,31.4
2026-02-02,PRO005,91.6,47.1,99559,88.2,38.8
2026-02-02,PRO006,66.6,34.0,102571,80.0,49.4
2026-02-02,PRO007,73.2,75.9,181598,95.9,88.7
2026-02-02,PRO008,61.0,66.2,29315,85.8,45.8
2026-02-02,PRO009,66.4,71.2,90667,81.5,70.9
2026-02-02,PRO010,96.4,71.3,119253,64.2,26.0
2026-02-02,PRO011,49.4,58.3,63975,62.8,71.4
2026-02-02,PRO012,75.5,71.5,119898,96.8,92.6
2026-02-02,PRO013,50.2,22.9,177878,69.8,70.7
2026-02-02,PRO014,65.4,27.7,159929,80.1,66.7
2026-02-02,PRO015,66.8,68.0,145898,87.1,51.5
2026-02-02,PRO016,64.8,68.9,99647,85.7,12.6
2026-02-02,PRO017,81.4,59.3,83477,64.0,30.2
2026-02-02,PRO018,68.1,47.9,55907,87.2,80.7
2026-02-02,PRO019,82.0,50.2,35267,68.5,12.3
2026-02-02,PRO020,47.0,57.6,143067,78.3,28.4
2026-02-02,PRO021,89.5,24.6,106388,88.2,50.8
2026-02-02,PRO022,90.9,29.0,168137,85.3,40.8
2026-02-02,PRO023,58.8,78.7,95864,80.2,63.3
2026-02-02,PRO024,77.3,50.1,2754,72.7,54.6
2026-02-02,PRO025,84.0,79.8,113338,87.1,67.0
2026-02-02,PRO026,77.6,74.2,103883,64.7,55.0
2026-02-02,PRO027,40.2,70.6,9953,66.5,91.1
2026-02-02,PRO028,67.9,42.9,5062,79.8,13.8
2026-02-02,PRO029,45.4,32.6,100986,92.3,18.6
2026-02-02,PRO030,63.1,33.1,88540,63.8,37.7
2026-02-02,PRO031,49.9,47.4,63993,87.0,17.3
2026-02-02,PRO032,79.0,56.2,99450,69.1,27.5
2026-02-02,PRO033,72.9,71.8,18996,94.0,42.1
2026-02-02,PRO034,46.1,18.2,106317,86.2,51.4
2026-02-02,PRO035,42.3,54.4,122356,94.7,74.1
2026-02-02,PRO036,45.5,32.1,67325,89.8,59.0
2026-02-03,PRO001,50.2,80.2,70618,75.1,15.9
2026-02-03,PRO002,80.8,42.2,30089,78.9,89.6
2026-02-03,PRO003,81.6,58.1,93303,62.5,12.4
2026-02-03,PRO004,84.4,51.3,11582,75.3,66.4
2026-02-03,PRO005,40.9,64.2,5114,81.1,52.3
2026-02-03,PRO006,59.6,39.9,159333,76.7,70.5
2026-02-03,PRO007,88.0,25.1,58069,94.1,49.5
2026-02-03,PRO008,90.2,30.6,110669,65.4,29.4
2026-02-03,PRO009,74.9,31.2,175831,96.8,23.2
2026-02-03,PRO010,95.0,37.3,165262,67.8,59.7
2026-02-03,PRO011,42.3,71.5,111743,93.0,21.8
2026-02-03,PRO012,75.9,55.2,132368,76.1,92.7
2026-02-03,PRO013,53.4,36.8,38645,66.8,14.1
2026-02-03,PRO014,87.1,45.2,167275,71.3,71.9
2026-02-03,PRO015,72.9,60.7,10385,88.5,22.2
2026-02-03,PRO016,53.5,77.4,164331,73.5,57.4
2026-02-03,PRO017,59.1,20.0,70566,70.5,93.9
2026-02-03,PRO018,42.6,70.5,16221,77.0,28.8
2026-02-03,PRO019,90.9,25.4,47050,69.1,61.0
2026-02-03,PRO020,84.9,38.4,33763,77.3,56.8
2026-02-03,PRO021,59.5,49.8,126852,82.1,47.9
2026-02-03,PRO022,44.3,52.1,50602,95.7,41.1
2026-02-03,PRO023,78.8,31.9,45185,71.7,10.4
2026-02-03,PRO024,66.3,34.8,64071,92.6,56.6
2026-02-03,PRO025,59.6,39.6,124801,86.0,85.6
2026-02-03,PRO026,96.9,80.5,42429,64.4,85.4
2026-02-03,PRO027,43.3,36.8,182055,62.9,81.5
2026-02-03,PRO028,76.7,35.8,182894,98.1,57.1
2026-02-03,PRO029,63.4,48.2,11377,69.4,29.7
2026-02-03,PRO030,89.0,83.1,56825,94.1,61.9
2026-02-03,PRO031,82.1,38.1,72666,80.5,38.2
2026-02-03,PRO032,83.6,59.3,120924,67.0,58.8
2026-02-03,PRO033,73.3,60.0,48047,89.0,20.9
2026-02-03,PRO034,67.1,25.6,33715,83.2,34.7
2026-02-03,PRO035,59.2,47.9,101642,80.2,21.4
2026-02-03,PRO036,94.8,82.7,5932,83.0,77.2
2026-02-04,PRO001,84.9,64.5,110365,63.2,29.1
2026-02-04,PRO002,65.0,44.0,75293,91.3,49.2
2026-02-04,PRO003,51.3,22.6,59527,86.3,27.4
2026-02-04,PRO004,88.0,35.7,152605,64.4,83.4
2026-02-04,PRO005,50.4,20.5,43297,98.5,44.0
2026-02-04,PRO006,55.0,70.6,171187,70.2,59.2
2026-02-04,PRO007,63.7,37.7,78558,71.8,10.3
2026-02-04,PRO008,96.5,39.9,177020,65.3,30.2
2026-02-04,PRO009,81.6,31.7,44629,93.4,86.3
2026-02-04,PRO010,89.7,53.5,154238,70.1,90.1
2026-02-04,PRO011,90.2,18.3,115200,73.3,16.5
2026-02-04,PRO012,40.2,23.8,175154,93.9,54.2
2026-02-04,PRO013,95.8,22.1,94618,75.7,61.1
2026-02-04,PRO014,90.2,35.0,175997,90.3,8.9
2026-02-04,PRO015,71.6,71.2,134868,97.2,43.6
2026-02-04,PRO016,47.4,32.8,155448,64.8,22.7
2026-02-04,PRO017,59.2,60.5,60674,74.3,16.4
2026-02-04,PRO018,62.1,33.6,21661,82.8,16.4
2026-02-04,PRO019,57.9,35.3,85734,82.2,20.0
2026-02-04,PRO020,90.1,63.9,6843,65.1,24.1
2026-02-04,PRO021,60.7,64.0,136396,72.3,9.2
2026-02-04,PRO022,52.3,83.5,26753,73.7,72.4
2026-02-04,PRO023,43.1,57.5,76661,82.6,69.9
2026-02-04,PRO024,48.3,53.7,131084,89.7,65.4
2026-02-04,PRO025,85.9,62.0,37767,83.4,14.1
2026-02-04,PRO026,86.2,80.3,174868,77.3,13.5
2026-02-04,PRO027,89.9,50.8,120927,71.4,42.9
2026-02-04,PRO028,78.5,69.7,165928,73.1,17.0
2026-02-04,PRO029,65.4,47.0,5033,66.3,65.8
2026-02-04,PRO030,54.1,83.2,47184,83.2,78.1
2026-02-04,PRO031,72.7,71.7,135614,98.9,61.9
2026-02-04,PRO032,95.9,46.3,50045,94.5,90.0
2026-02-04,PRO033,96.4,33.8,109456,69.0,81.3
2026-02-04,PRO034,43.4,29.2,141865,68.5,31.9
2026-02-04,PRO035,82.6,36.9,16309,76.3,80.1
2026-02-04,PRO036,96.8,72.3,31845,84.9,90.3
2026-02-05,PRO001,69.6,45.4,89091,78.5,25.9
2026-02-05,PRO002,86.7,71.0,180857,74.9,89.7
2026-02-05,PRO003,53.0,54.8,18994,87.9,72.3
2026-02-05,PRO004,45.2,77.3,117425,78.8,14.5
2026-02-05,PRO005,56.4,20.5,151542,97.1,84.0
2026-02-05,PRO006,80.1,65.2,143394,62.2,63.2
2026-02-05,PRO007,78.7,25.0,77975,74.7,12.6
2026-02-05,PRO008,53.0,21.9,48266,62.1,16.2
2026-02-05,PRO009,88.3,54.7,113088,87.0,80.9
2026-02-05,PRO010,66.9,48.7,101735,77.6,62.1
2026-02-05,PRO011,69.7,77.8,32120,71.1,14.7
2026-02-05,PRO012,61.4,66.1,29075,68.5,29.2
2026-02-05,PRO013,86.7,78.1,151698,63.8,93.4
2026-02-05,PRO014,73.1,65.9,110021,64.2,78.1
2026-02-05,PRO015,73.0,75.8,29468,77.2,90.4
2026-02-05,PRO016,67.9,72.6,90402,77.7,43.1
2026-02-05,PRO017,83.1,74.4,85343,73.7,77.9
2026-02-05,PRO018,60.3,29.3,160597,87.5,18.4
2026-02-05,PRO019,44.4,50.0,59667,65.2,30.3
2026-02-05,PRO020,76.7,63.5,46826,89.5,70.6
2026-02-05,PRO021,93.3,44.9,178337,94.3,66.7
2026-02-05,PRO022,67.3,54.3,84677,64.3,55.0
2026-02-05,PRO023,90.9,21.5,174311,71.1,22.8
2026-02-05,PRO024,47.9,30.1,42148,92.3,71.3
2026-02-05,PRO025,42.4,61.4,112274,92.3,8.2
2026-02-05,PRO026,50.3,71.3,52898,85.8,59.7
2026-02-05,PRO027,50.7,57.7,69827,73.9,65.4
2026-02-05,PRO028,77.9,22.7,69967,98.3,31.8
2026-02-05,PRO029,42.0,42.0,131939,75.7,69.9
2026-02-05,PRO030,90.4,45.3,178646,68.9,14.6
2026-02-05,PRO031,86.8,38.6,50990,78.2,30.9
2026-02-05,PRO032,88.3,73.2,18292,93.2,80.9
2026-02-05,PRO033,80.0,21.2,178338,96.7,94.0
2026-02-05,PRO034,54.1,36.5,154487,67.5,37.1
2026-02-05,PRO035,50.3,80.2,126113,81.7,33.6
2026-02-05,PRO036,83.4,53.4,183770,89.8,21.3
2026-02-06,PRO001,78.8,54.7,11615,96.9,12.3
2026-02-06,PRO002,84.5,77.8,81005,70.6,60.2
2026-02-06,PRO003,58.6,68.3,76388,66.8,77.3
2026-02-06,PRO004,53.2,44.9,48562,79.3,92.7
2026-02-06,PRO005,94.1,35.6,74829,87.8,40.9
2026-02-06,PRO006,70.6,61.2,29165,81.9,88.3
2026-02-06,PRO007,73.3,73.0,90023,87.1,48.7
2026-02-06,PRO008,96.4,36.0,120269,87.6,68.6
2026-02-06,PRO009,42.8,45.1,147330,97.1,9.0
2026-02-06,PRO010,69.9,36.4,136711,67.1,78.0
2026-02-06,PRO011,95.4,66.8,132066,87.5,27.0
2026-02-06,PRO012,43.1,83.3,139529,75.2,91.2
2026-02-06,PRO013,72.9,31.9,27126,94.9,38.6
2026-02-06,PRO014,88.8,25.6,153707,63.0,62.7
2026-02-06,PRO015,46.9,21.8,113742,64.7,39.2
2026-02-06,PRO016,88.7,48.8,12886,90.6,49.2
2026-02-06,PRO017,78.8,69.4,115373,89.0,83.3
2026-02-06,PRO018,84.1,54.7,146145,91.3,46.4
2026-02-06,PRO019,71.9,29.2,39799,79.2,48.4
2026-02-06,PRO020,96.1,19.6,164758,65.3,81.4
2026-02-06,PRO021,74.6,83.3,5183,67.6,67.0
2026-02-06,PRO022,43.3,66.0,81919,77.9,68.2
2026-02-06,PRO023,68.9,34.3,90902,76.7,34.7
2026-02-06,PRO024,74.7,23.7,63305,85.9,89.1
2026-02-06,PRO025,70.7,69.3,184277,70.1,67.0
2026-02-06,PRO026,67.6,48.6,99693,68.0,91.6
2026-02-06,PRO027,73.3,49.1,94353,83.9,54.1
2026-02-06,PRO028,92.0,50.9,132811,67.8,22.7
2026-02-06,PRO029,54.8,54.1,98879,84.1,90.0
2026-02-06,PRO030,57.5,19.6,9355,69.1,79.0
2026-02-06,PRO031,43.1,72.6,80590,91.3,92.1
2026-02-06,PRO032,45.8,82.3,36601,92.6,70.8
2026-02-06,PRO033,62.3,63.3,161589,66.0,44.3
2026-02-06,PRO034,94.8,28.2,99393,88.9,32.9
2026-02-06,PRO035,68.8,21.0,4725,93.4,69.6
2026-02-06,PRO036,88.2,46.7,100296,92.2,69.0
2026-02-07,PRO001,53.7,40.2,126210,62.6,18.4
2026-02-07,PRO002,64.4,43.9,59483,89.2,63.9
2026-02-07,PRO003,46.0,52.7,55804,62.2,33.6
2026-02-07,PRO004,51.4,35.2,50218,87.3,48.3
2026-02-07,PRO005,68.5,78.4,38291,83.0,48.1
2026-02-07,PRO006,96.3,68.8,17220,70.8,51.6
2026-02-07,PRO007,86.9,38.4,91020,84.2,71.8
2026-02-07,PRO008,59.9,65.3,96372,88.3,82.9
2026-02-07,PRO009,59.2,22.6,123138,85.6,42.8
2026-02-07,PRO010,56.8,36.7,39294,66.6,34.1
2026-02-07,PRO011,54.9,47.3,75567,84.8,29.0
2026-02-07,PRO012,83.3,23.2,91992,70.3,21.8
2026-02-07,PRO013,75.4,19.6,49272,82.5,41.4
2026-02-07,PRO014,96.7,70.4,172425,90.8,74.8
2026-02-07,PRO015,95.5,37.9,156986,91.5,67.8
2026-02-07,PRO016,71.5,31.7,58696,74.4,59.0
2026-02-07,PRO017,58.3,52.6,66282,78.5,48.6
2026-02-07,PRO018,57.5,33.0,30772,62.9,10.6
2026-02-07,PRO019,64.8,63.8,147874,72.8,43.7
2026-02-07,PRO020,50.0,57.9,99228,88.5,19.6
2026-02-07,PRO021,58.3,72.0,149844,86.0,11.5
2026-02-07,PRO022,58.0,33.0,96726,67.3,24.9
2026-02-07,PRO023,41.8,74.1,68599,62.4,72.5
2026-02-07,PRO024,81.5,31.0,147229,73.4,78.1
2026-02-07,PRO025,50.2,45.0,110865,64.4,88.2
2026-02-07,PRO026,91.3,61.6,169403,98.9,82.6
2026-02-07,PRO027,80.7,57.3,149911,67.3,43.7
2026-02-07,PRO028,67.2,43.9,49230,66.2,55.5
2026-02-07,PRO029,74.3,50.3,7516,79.8,91.2
2026-02-07,PRO030,67.8,56.1,150545,81.3,74.6
2026-02-07,PRO031,53.1,37.9,23490,83.3,69.8
2026-02-07,PRO032,64.3,27.5,153487,78.4,53.8
2026-02-07,PRO033,76.1,37.7,61512,70.0,21.9
2026-02-07,PRO034,48.2,55.9,159343,65.1,41.7
2026-02-07,PRO035,41.7,46.7,171904,66.3,14.2
2026-02-07,PRO036,96.9,21.1,61274,72.5,49.4
2026-02-08,PRO001,87.8,73.0,58612,87.8,18.7
2026-02-08,PRO002,75.4,60.9,127898,80.7,46.7
2026-02-08,PRO003,56.5,71.1,144834,90.1,43.6
2026-02-08,PRO004,49.5,67.7,20438,85.8,41.5
2026-02-08,PRO005,96.7,59.3,91090,88.5,44.4
2026-02-08,PRO006,62.4,81.9,174029,88.9,53.2
2026-02-08,PRO007,76.8,70.0,2234,78.7,46.4
2026-02-08,PRO008,74.6,30.0,143636,64.3,53.8
2026-02-08,PRO009,42.3,53.0,148944,81.3,86.6
2026-02-08,PRO010,87.4,29.3,162735,77.1,24.3
2026-02-08,PRO011,72.0,29.5,132481,62.3,78.7
2026-02-08,PRO012,80.1,40.3,7460,84.7,81.4
2026-02-08,PRO013,58.6,66.8,142809,63.8,34.8
2026-02-08,PRO014,96.6,25.6,27844,98.1,42.8
2026-02-08,PRO015,65.9,44.6,135389,70.1,65.4
2026-02-08,PRO016,68.0,64.6,135269,66.3,12.4
2026-02-08,PRO017,63.1,49.1,155329,93.0,53.3
2026-02-08,PRO018,81.8,31.2,89528,94.4,18.9
2026-02-08,PRO019,95.9,38.0,70536,71.4,15.9
2026-02-08,PRO020,88.1,52.6,133937,75.6,88.5
2026-02-08,PRO021,91.3,19.6,30762,81.0,51.1
2026-02-08,PRO022,43.5,60.3,99633,63.4,34.8
2026-02-08,PRO023,45.6,60.9,89176,95.3,56.9
2026-02-08,PRO024,69.5,46.1,25328,84.6,84.1
2026-02-08,PRO025,51.2,29.2,23163,94.1,59.9
2026-02-08,PRO026,96.9,42.6,6109,93.3,75.3
2026-02-08,PRO027,87.7,26.8,9795,72.5,36.2
2026-02-08,PRO028,87.7,33.9,183915,82.9,50.1
2026-02-08,PRO029,96.4,23.1,55726,95.6,77.6
2026-02-08,PRO030,58.4,45.9,160865,66.0,65.4
2026-02-08,PRO031,90.1,53.1,76775,63.5,20.9
2026-02-08,PRO032,48.3,80.3,100949,88.0,68.2
2026-02-08,PRO033,93.7,32.4,136037,76.8,25.7
2026-02-08,PRO034,95.5,80.6,23561,91.1,37.3
2026-02-08,PRO035,60.1,32.0,157026,68.2,25.9
2026-02-08,PRO036,58.0,20.6,88600,86.0,13.2
2026-02-09,PRO001,95.3,81.5,121001,91.4,57.8
2026-02-09,PRO002,40.6,36.9,138846,81.7,16.0
2026-02-09,PRO003,68.6,34.6,171251,97.5,80.4
2026-02-09,PRO004,91.8,76.5,7272,92.9,82.4
2026-02-09,PRO005,92.9,71.9,2211,83.0,16.4
2026-02-09,PRO006,60.7,62.4,119156,71.6,92.2
2026-02-09,PRO007,44.3,69.4,22303,90.4,42.8
2026-02-09,PRO008,86.3,65.7,137112,92.0,33.8
2026-02-09,PRO009,80.5,51.4,96312,74.0,39.2
2026-02-09,PRO010,87.2,53.0,66986,72.6,53.1
2026-02-09,PRO011,75.7,41.2,76907,81.6,58.2
2026-02-09,PRO012,65.4,46.5,17322,93.4,86.0
2026-02-09,PRO013,40.9,41.5,21133,70.4,37.2
2026-02-09,PRO014,95.5,47.4,92345,92.0,32.0
2026-02-09,PRO015,44.7,47.5,5189,72.0,78.5
2026-02-09,PRO016,87.1,36.3,99486,89.4,89.8
2026-02-09,PRO017,57.8,62.3,147346,84.8,87.9
2026-02-09,PRO018,95.6,34.5,138112,89.5,41.8
2026-02-09,PRO019,52.8,45.0,57098,62.4,70.2
2026-02-09,PRO020,46.8,28.6,114931,95.6,51.9
2026-02-09,PRO021,83.7,22.8,101209,93.2,25.5
2026-02-09,PRO022,69.4,71.9,173397,67.3,66.5
2026-02-09,PRO023,96.9,45.6,106967,92.5,62.6
2026-02-09,PRO024,66.3,26.9,9923,70.5,40.6
2026-02-09,PRO025,47.5,83.3,114958,88.1,57.1
2026-02-09,PRO026,53.8,50.2,128030,91.0,83.1
2026-02-09,PRO027,82.8,37.7,87283,97.3,69.1
2026-02-09,PRO028,49.6,32.0,5119,70.7,16.1
2026-02-09,PRO029,90.5,68.3,75223,98.9,40.9
2026-02-09,PRO030,67.4,36.1,86284,85.3,9.1
2026-02-09,PRO031,87.3,36.6,165724,70.1,22.9
2026-02-09,PRO032,75.4,66.0,45491,82.0,66.9
2026-02-09,PRO033,47.2,21.7,142406,64.3,71.7
2026-02-09,PRO034,48.3,30.0,21343,69.4,24.3
2026-02-09,PRO035,47.9,18.5,164534,68.0,62.0
2026-02-09,PRO036,65.3,67.8,51917,86.6,89.7
2026-02-10,PRO001,95.4,54.3,81408,76.9,54.3
2026-02-10,PRO002,43.7,42.1,46629,66.7,14.8
2026-02-10,PRO003,74.2,42.4,148685,85.1,57.3
2026-02-10,PRO004,83.9,42.6,49878,85.4,39.5
2026-02-10,PRO005,69.6,23.5,169052,86.0,92.5
2026-02-10,PRO006,48.8,79.7,7510,77.1,92.4
2026-02-10,PRO007,73.6,20.0,124699,88.5,51.8
2026-02-10,PRO008,79.9,68.6,29244,98.7,88.2
2026-02-10,PRO009,73.1,66.5,177368,81.4,19.3
2026-02-10,PRO010,49.7,58.5,30685,65.6,34.6
2026-02-10,PRO011,86.2,62.0,135393,76.6,31.4
2026-02-10,PRO012,54.7,48.1,167792,67.8,54.9
2026-02-10,PRO013,83.5,52.4,122507,83.0,24.1
2026-02-10,PRO014,94.8,57.3,30367,80.2,71.6
2026-02-10,PRO015,50.7,38.2,66401,64.4,50.2
2026-02-10,PRO016,65.3,27.1,81637,68.1,70.3
2026-02-10,PRO017,74.4,63.0,102844,89.6,58.8
2026-02-10,PRO018,66.1,35.2,63381,63.8,48.5
2026-02-10,PRO019,80.3,37.1,174945,97.2,34.7
2026-02-10,PRO020,51.3,79.9,25217,73.5,73.7
2026-02-10,PRO021,87.1,66.8,76426,71.3,21.5
2026-02-10,PRO022,86.7,60.9,173482,82.2,33.5
2026-02-10,PRO023,58.6,66.5,99505,68.2,73.5
2026-02-10,PRO024,60.2,22.6,47624,71.3,64.3
2026-02-10,PRO025,94.2,70.5,107338,65.1,75.3
2026-02-10,PRO026,66.6,71.5,59808,72.8,46.3
2026-02-10,PRO027,60.3,53.2,17271,87.7,45.5
2026-02-10,PRO028,92.5,28.9,119506,79.2,36.5
2026-02-10,PRO029,84.9,69.0,7549,70.2,49.6
2026-02-10,PRO030,93.7,46.3,49379,74.3,41.2
2026-02-10,PRO031,93.7,34.5,150817,88.6,36.6
2026-02-10,PRO032,54.7,71.2,76949,71.3,15.7
2026-02-10,PRO033,72.4,53.4,94583,80.1,75.7
2026-02-10,PRO034,85.3,43.7,136159,99.0,13.6
2026-02-10,PRO035,71.0,49.0,184071,62.8,11.1
2026-02-10,PRO036,96.0,18.1,106542,84.9,29.2
2026-02-11,PRO001,82.7,26.2,68004,77.5,71.0
2026-02-11,PRO002,95.1,26.2,123792,71.2,30.3
2026-02-11,PRO003,71.9,47.5,10249,77.3,60.9
2026-02-11,PRO004,78.5,61.3,160056,88.2,40.0
2026-02-11,PRO005,81.9,51.7,15060,88.2,8.2
2026-02-11,PRO006,59.7,79.3,107718,83.8,9.4
2026-02-11,PRO007,67.0,25.5,165796,75.3,82.5
2026-02-11,PRO008,81.8,35.2,30533,87.0,65.7
2026-02-11,PRO009,42.8,60.0,90448,65.1,89.8
2026-02-11,PRO010,67.5,58.5,28589,84.8,39.9
2026-02-11,PRO011,49.3,70.0,167023,72.8,78.1
2026-02-11,PRO012,92.4,41.0,35406,66.5,37.1
2026-02-11,PRO013,80.0,59.2,40973,87.0,55.0
2026-02-11,PRO014,76.1,27.2,5898,77.0,76.8
2026-02-11,PRO015,56.5,28.2,156679,73.1,59.8
2026-02-11,PRO016,66.2,48.7,99665,81.1,91.8
2026-02-11,PRO017,85.5,46.0,158059,69.1,49.4
2026-02-11,PRO018,75.1,25.6,92128,72.2,18.0
2026-02-11,PRO019,89.0,41.5,138331,67.0,20.1
2026-02-11,PRO020,83.3,63.1,24263,69.2,41.0
2026-02-11,PRO021,75.4,37.4,157266,81.0,92.5
2026-02-11,PRO022,48.7,39.2,148733,88.8,72.9
2026-02-11,PRO023,63.1,34.4,99020,90.6,25.5
2026-02-11,PRO024,44.0,77.9,106806,95.0,36.7
2026-02-11,PRO025,81.6,75.3,40989,80.2,15.1
2026-02-11,PRO026,78.7,59.6,41475,80.1,63.7
2026-02-11,PRO027,61.2,30.0,152841,96.4,77.8
2026-02-11,PRO028,77.7,51.5,44911,94.5,17.0
2026-02-11,PRO029,86.3,65.5,84695,64.6,38.1
2026-02-11,PRO030,86.0,81.9,32013,64.6,21.1
2026-02-11,PRO031,76.8,74.9,67120,73.0,15.1
2026-02-11,PRO032,61.0,19.8,144056,67.2,85.8
2026-02-11,PRO033,60.0,62.1,64055,63.7,40.5
2026-02-11,PRO034,90.7,32.4,6069,68.3,71.0
2026-02-11,PRO035,59.0,26.2,143453,76.6,85.5
2026-02-11,PRO036,72.1,83.6,103938,70.6,50.1
2026-02-12,PRO001,57.8,33.1,84547,62.5,51.8
2026-02-12,PRO002,63.5,30.7,71477,93.3,37.1
2026-02-12,PRO003,51.5,64.3,158859,72.5,16.1
2026-02-12,PRO004,89.5,24.5,46347,87.2,54.8
2026-02-12,PRO005,64.0,81.8,108081,76.2,59.5
2026-02-12,PRO006,47.9,22.8,158832,77.0,67.7
2026-02-12,PRO007,63.0,39.1,79714,83.0,91.0
2026-02-12,PRO008,53.5,33.9,66161,65.6,66.6
2026-02-12,PRO009,83.3,62.0,80211,80.5,76.9
2026-02-12,PRO010,53.6,81.5,150447,71.6,89.9
2026-02-12,PRO011,62.6,63.1,78134,76.9,37.0
2026-02-12,PRO012,50.0,33.7,128897,75.7,17.1
2026-02-12,PRO013,81.3,53.0,42501,69.4,64.6
2026-02-12,PRO014,87.2,45.7,93936,73.5,42.6
2026-02-12,PRO015,50.6,30.8,174266,78.8,51.8
2026-02-12,PRO016,51.9,29.7,168800,84.0,33.9
2026-02-12,PRO017,73.3,75.5,26800,77.3,9.5
2026-02-12,PRO018,76.7,28.0,102524,83.8,25.3
2026-02-12,PRO019,55.5,49.3,56940,62.6,73.0
2026-02-12,PRO020,93.6,65.0,104110,85.1,33.1
2026-02-12,PRO021,50.1,83.2,123598,84.4,52.6
2026-02-12,PRO022,84.6,32.1,139618,68.9,36.1
2026-02-12,PRO023,95.4,19.8,47363,89.4,29.5
2026-02-12,PRO024,53.0,69.8,81505,76.7,36.4
2026-02-12,PRO025,68.8,30.5,63217,67.4,66.9
2026-02-12,PRO026,82.5,44.4,114122,89.4,24.9
2026-02-12,PRO027,95.4,57.7,2701,87.0,57.5
2026-02-12,PRO028,61.0,55.6,25130,76.4,13.9
2026-02-12,PRO029,53.0,27.8,76002,97.1,84.1
2026-02-12,PRO030,51.2,62.0,26041,98.4,65.1
2026-02-12,PRO031,56.1,24.7,147021,83.3,24.8
2026-02-12,PRO032,57.9,59.6,176237,94.4,56.1
2026-02-12,PRO033,59.9,22.7,80279,97.1,64.8
2026-02-12,PRO034,49.8,69.8,130857,66.7,38.3
2026-02-12,PRO035,94.5,25.5,168455,87.1,53.7
2026-02-12,PRO036,56.5,56.1,141637,95.0,63.6
2026-02-13,PRO001,73.2,41.5,155035,70.0,26.2
2026-02-13,PRO002,78.3,55.3,37810,65.5,51.9
2026-02-13,PRO003,53.5,43.3,112034,76.9,54.3
2026-02-13,PRO004,60.4,65.2,60587,98.7,59.2
2026-02-13,PRO005,50.2,65.1,170488,93.8,11.3
2026-02-13,PRO006,89.1,38.8,99789,93.9,81.6
2026-02-13,PRO007,40.6,71.3,48286,87.1,87.0
2026-02-13,PRO008,85.0,49.3,34307,70.8,9.7
2026-02-13,PRO009,53.4,79.7,159506,97.4,8.7
2026-02-13,PRO010,57.1,46.1,71137,78.3,17.6
2026-02-13,PRO011,80.8,70.3,123423,93.6,39.2
2026-02-13,PRO012,56.5,59.3,53761,63.9,45.9
2026-02-13,PRO013,81.4,69.4,127446,68.3,39.9
2026-02-13,PRO014,93.5,32.4,131508,71.1,23.7
2026-02-13,PRO015,44.7,19.8,78008,76.0,47.3
2026-02-13,PRO016,63.8,53.4,142303,91.3,14.0
2026-02-13,PRO017,86.3,62.4,58957,92.0,48.7
2026-02-13,PRO018,86.3,47.0,76452,94.8,22.6
2026-02-13,PRO019,60.5,19.7,114751,89.0,21.6
2026-02-13,PRO020,85.7,18.8,109199,71.3,61.1
2026-02-13,PRO021,48.4,29.2,10133,79.8,25.5
2026-02-13,PRO022,76.6,22.0,32477,84.4,67.7
2026-02-13,PRO023,92.4,18.4,95496,72.1,90.6
2026-02-13,PRO024,93.2,47.8,4639,76.4,27.9
2026-02-13,PRO025,53.5,43.6,36958,83.3,44.8
2026-02-13,PRO026,85.4,34.3,54470,97.5,26.0
2026-02-13,PRO027,60.5,79.6,138875,62.4,21.3
2026-02-13,PRO028,77.2,42.2,31058,63.3,83.2
2026-02-13,PRO029,45.1,75.0,123220,72.5,87.1
2026-02-13,PRO030,58.2,62.1,39616,76.8,32.0
2026-02-13,PRO031,70.1,70.5,56669,78.4,79.0
2026-02-13,PRO032,76.6,51.6,176969,74.9,70.4
2026-02-13,PRO033,79.5,53.4,133649,92.9,57.3
2026-02-13,PRO034,95.2,51.9,155303,94.5,8.7
2026-02-13,PRO035,44.1,49.2,59160,97.1,47.6
2026-02-13,PRO036,68.8,26.1,68532,72.1,46.0
2026-02-14,PRO001,43.8,71.7,47043,67.4,85.2
2026-02-14,PRO002,67.5,75.1,9146,86.5,14.5
2026-02-14,PRO003,65.0,66.3,75924,78.3,36.4
2026-02-14,PRO004,55.2,24.8,129449,73.3,37.3
2026-02-14,PRO005,92.0,77.8,37143,67.9,12.7
2026-02-14,PRO006,69.1,39.5,147826,95.6,16.4
2026-02-14,PRO007,65.1,32.3,30731,70.0,9.6
2026-02-14,PRO008,60.0,21.8,56034,71.2,81.4
2026-02-14,PRO009,48.2,78.4,14825,78.2,92.5
2026-02-14,PRO010,93.0,19.3,174073,90.3,28.6
2026-02-14,PRO011,84.9,50.0,157418,69.8,72.1
2026-02-14,PRO012,63.0,54.1,3231,93.5,76.5
2026-02-14,PRO013,83.9,41.1,122964,94.5,36.6
2026-02-14,PRO014,67.1,43.9,91289,62.3,34.8
2026-02-14,PRO015,53.3,46.3,122986,66.6,40.4
2026-02-14,PRO016,67.9,19.3,30422,78.5,36.7
2026-02-14,PRO017,94.0,20.0,57141,84.5,31.2
2026-02-14,PRO018,92.6,44.8,172733,79.6,75.3
2026-02-14,PRO019,51.8,61.5,166801,65.4,30.1
2026-02-14,PRO020,70.4,31.2,180020,98.8,64.3
2026-02-14,PRO021,50.7,57.6,77546,76.0,40.5
2026-02-14,PRO022,53.8,22.3,10783,92.1,43.5
2026-02-14,PRO023,45.3,63.4,182548,95.1,30.7
2026-02-14,PRO024,43.6,81.2,126871,68.6,72.0
2026-02-14,PRO025,95.7,22.7,28044,64.0,25.2
2026-02-14,PRO026,65.1,42.9,12375,74.1,49.2
2026-02-14,PRO027,70.4,81.4,43400,94.2,68.7
2026-02-14,PRO028,73.3,77.9,130270,77.7,76.4
2026-02-14,PRO029,60.7,26.7,52176,62.4,22.8
2026-02-14,PRO030,42.9,29.1,42152,95.4,74.1
2026-02-14,PRO031,62.6,24.6,119878,99.0,92.7
2026-02-14,PRO032,49.6,35.7,119805,99.0,16.0
2026-02-14,PRO033,52.9,28.2,146432,81.7,91.3
2026-02-14,PRO034,66.8,41.7,36605,73.8,78.6
2026-02-14,PRO035,58.2,78.7,69649,94.9,19.4
2026-02-14,PRO036,44.4,67.4,20843,83.7,47.9
2026-02-15,PRO001,56.8,24.8,133792,81.5,52.9
2026-02-15,PRO002,73.2,60.1,130359,77.2,16.5
2026-02-15,PRO003,92.9,20.9,69931,82.4,61.9
2026-02-15,PRO004,69.4,47.9,74471,97.0,60.0
2026-02-15,PRO005,47.5,71.8,37467,67.0,28.9
2026-02-15,PRO006,62.4,59.9,79872,95.8,12.3
2026-02-15,PRO007,49.8,30.8,98573,71.1,20.0
2026-02-15,PRO008,86.5,25.1,135703,83.7,82.9
2026-02-15,PRO009,76.2,40.3,147826,65.1,24.0
2026-02-15,PRO010,75.0,83.1,14100,96.3,31.9
2026-02-15,PRO011,61.0,51.3,60462,91.1,14.3
2026-02-15,PRO012,77.7,23.9,93965,83.4,39.0
2026-02-15,PRO013,86.4,36.4,121251,92.6,25.2
2026-02-15,PRO014,63.0,82.0,7408,75.0,28.7
2026-02-15,PRO015,90.7,45.1,120924,63.3,13.8
2026-02-15,PRO016,48.5,21.0,124872,94.7,39.0
2026-02-15,PRO017,88.0,43.6,159502,92.8,35.0
2026-02-15,PRO018,81.3,54.6,46265,88.7,26.3
2026-02-15,PRO019,73.7,80.9,103987,83.0,79.8
2026-02-15,PRO020,85.4,25.4,77709,93.7,50.3
2026-02-15,PRO021,77.5,70.8,35941,83.0,82.9
2026-02-15,PRO022,40.5,19.9,175017,72.3,46.8
2026-02-15,PRO023,63.7,56.6,156758,85.7,92.3
2026-02-15,PRO024,85.3,83.4,96830,92.2,19.5
2026-02-15,PRO025,77.2,61.4,24778,63.4,25.0
2026-02-15,PRO026,44.8,58.0,102258,71.8,73.7
2026-02-15,PRO027,84.1,70.2,163788,98.6,67.8
2026-02-15,PRO028,45.9,45.3,40981,91.6,88.8
2026-02-15,PRO029,49.8,22.4,140919,97.1,76.4
2026-02-15,PRO030,73.5,58.6,159915,87.4,88.9
2026-02-15,PRO031,75.1,25.0,21074,66.3,47.8
2026-02-15,PRO032,52.4,67.1,73569,96.3,54.9
2026-02-15,PRO033,89.6,56.0,6144,91.0,37.2
2026-02-15,PRO034,55.9,32.1,56954,65.7,72.2
2026-02-15,PRO035,58.6,42.2,177174,62.8,22.2
2026-02-15,PRO036,78.0,67.4,79484,98.3,74.8
2026-02-16,PRO001,50.7,61.2,54418,78.5,93.8
2026-02-16,PRO002,40.1,65.2,159418,67.9,45.7
2026-02-16,PRO003,88.0,35.5,62691,84.8,28.1
2026-02-16,PRO004,73.6,70.1,6689,66.1,90.1
2026-02-16,PRO005,65.6,73.8,71664,70.4,79.0
2026-02-16,PRO006,52.1,81.6,181518,97.8,92.8
2026-02-16,PRO007,75.3,53.7,135984,70.1,72.0
2026-02-16,PRO008,94.6,81.1,162182,92.3,16.4
2026-02-16,PRO009,60.6,55.2,87985,69.6,31.0
2026-02-16,PRO010,56.4,42.0,111081,78.5,49.8
2026-02-16,PRO011,59.5,42.6,128384,94.8,56.8
2026-02-16,PRO012,56.2,78.7,171357,82.9,20.1
2026-02-16,PRO013,92.2,67.4,75677,77.7,9.3
2026-02-16,PRO014,44.4,49.4,177668,73.4,45.4
2026-02-16,PRO015,70.7,72.7,41151,80.6,8.8
2026-02-16,PRO016,89.7,50.3,118767,87.8,47.3
2026-02-16,PRO017,96.1,70.7,81809,76.2,72.8
2026-02-16,PRO018,62.3,38.8,15087,74.3,80.1
2026-02-16,PRO019,65.8,45.4,49867,92.6,53.9
2026-02-16,PRO020,94.8,30.0,106101,82.5,32.6
2026-02-16,PRO021,44.7,52.2,88335,88.5,54.8
2026-02-16,PRO022,61.4,66.4,146989,62.8,38.5
2026-02-16,PRO023,88.4,23.9,97703,98.8,51.2
2026-02-16,PRO024,58.9,35.8,4993,94.7,84.4
2026-02-16,PRO025,46.6,19.1,37684,65.2,83.4
2026-02-16,PRO026,96.0,53.4,176487,92.7,87.2
2026-02-16,PRO027,75.4,36.8,4826,65.9,11.5
2026-02-16,PRO028,51.1,26.2,128869,99.0,51.7
2026-02-16,PRO029,44.6,68.4,141206,87.1,63.0
2026-02-16,PRO030,97.0,32.8,14493,83.2,56.6
2026-02-16,PRO031,60.4,70.3,51026,96.1,45.5
2026-02-16,PRO032,65.9,72.9,113050,72.0,48.2
2026-02-16,PRO033,40.9,34.6,168033,92.5,54.9
2026-02-16,PRO034,58.0,50.6,84889,87.3,39.2
2026-02-16,PRO035,53.6,56.0,19200,92.8,68.5
2026-02-16,PRO036,78.2,42.0,116524,94.1,91.6
2026-02-17,PRO001,80.2,82.3,121712,84.8,72.2
2026-02-17,PRO002,62.7,77.1,154443,77.1,71.8
2026-02-17,PRO003,92.2,73.2,45972,83.0,26.4
2026-02-17,PRO004,56.1,71.4,77389,95.7,47.3
2026-02-17,PRO005,91.4,62.7,177779,83.0,67.6
2026-02-17,PRO006,49.8,36.2,145195,68.5,57.7
2026-02-17,PRO007,55.7,79.3,76313,74.1,52.2
2026-02-17,PRO008,94.2,48.2,127799,75.7,55.5
2026-02-17,PRO009,44.6,22.3,182830,86.3,48.1
2026-02-17,PRO010,84.1,78.8,104005,86.2,76.4
2026-02-17,PRO011,51.4,79.5,77611,73.8,72.9
2026-02-17,PRO012,44.0,64.7,7201,76.9,93.6
2026-02-17,PRO013,40.6,47.8,160663,74.8,18.5
2026-02-17,PRO014,88.1,51.6,30593,71.7,44.2
2026-02-17,PRO015,82.4,81.3,100062,95.2,36.1
2026-02-17,PRO016,85.1,24.7,121698,98.6,13.3
2026-02-17,PRO017,75.4,18.5,19235,75.7,77.5
2026-02-17,PRO018,60.9,37.0,127971,68.3,33.3
2026-02-17,PRO019,59.4,54.6,48846,89.0,63.2
2026-02-17,PRO020,47.9,84.0,164740,63.4,38.9
2026-02-17,PRO021,95.6,58.7,178817,77.3,64.8
2026-02-17,PRO022,51.3,24.7,69794,62.5,84.9
2026-02-17,PRO023,94.6,65.7,178545,89.0,21.7
2026-02-17,PRO024,41.6,59.3,53749,73.2,11.7
2026-02-17,PRO025,58.3,50.9,124294,98.0,73.1
2026-02-17,PRO026,85.1,29.7,138520,95.0,91.0
2026-02-17,PRO027,58.7,47.7,68466,87.5,14.4
2026-02-17,PRO028,56.8,53.9,105507,91.9,75.9
2026-02-17,PRO029,69.7,22.1,174382,98.4,62.7
2026-02-17,PRO030,84.9,69.7,172522,75.3,87.8
2026-02-17,PRO031,75.6,68.6,112143,92.0,33.9
2026-02-17,PRO032,41.4,71.2,166903,85.2,18.3
2026-02-17,PRO033,60.0,65.2,81515,65.1,20.7
2026-02-17,PRO034,64.8,29.8,183632,79.6,29.1
2026-02-17,PRO035,55.3,64.7,73656,85.0,62.5
2026-02-17,PRO036,85.9,37.2,28266,68.9,82.7
2026-02-18,PRO001,65.9,54.0,29978,80.9,64.4
2026-02-18,PRO002,42.6,49.4,140454,67.6,26.7
2026-02-18,PRO003,81.2,65.8,118058,96.1,28.8
2026-02-18,PRO004,78.8,18.0,11485,79.4,86.9
2026-02-18,PRO005,94.5,25.7,119237,63.8,81.4
2026-02-18,PRO006,92.7,38.3,122549,72.7,85.8
2026-02-18,PRO007,63.8,44.1,59353,90.7,82.7
2026-02-18,PRO008,93.6,39.8,121330,90.1,49.0
2026-02-18,PRO009,96.5,70.0,144428,82.2,68.6
2026-02-18,PRO010,69.3,48.3,81205,82.3,18.5
2026-02-18,PRO011,52.4,50.5,126492,88.0,42.7
2026-02-18,PRO012,40.5,56.3,41399,92.0,54.3
2026-02-18,PRO013,79.4,38.6,66180,92.7,32.9
2026-02-18,PRO014,76.9,72.6,137097,87.0,70.4
2026-02-18,PRO015,42.6,68.0,181656,82.4,66.7
2026-02-18,PRO016,44.4,32.8,103483,85.3,33.1
2026-02-18,PRO017,61.2,58.7,142123,67.8,55.5
2026-02-18,PRO018,49.4,42.1,9372,88.1,62.0
2026-02-18,PRO019,72.8,80.5,50080,90.0,67.5
2026-02-18,PRO020,54.8,63.4,107378,68.1,59.8
2026-02-18,PRO021,93.8,84.0,104640,78.3,27.8
2026-02-18,PRO022,59.2,77.5,63642,82.7,29.6
2026-02-18,PRO023,46.7,82.4,2483,95.4,54.4
2026-02-18,PRO024,60.9,62.7,58755,86.6,82.9
2026-02-18,PRO025,86.3,30.3,112847,95.6,48.8
2026-02-18,PRO026,83.3,82.0,100221,90.4,40.3
2026-02-18,PRO027,45.4,34.2,110574,93.3,81.6
2026-02-18,PRO028,76.0,37.6,160085,79.9,81.4
2026-02-18,PRO029,84.6,80.6,23731,97.8,87.9
2026-02-18,PRO030,81.8,20.8,110507,75.4,58.1
2026-02-18,PRO031,83.7,50.0,173079,91.7,49.9
2026-02-18,PRO032,94.7,50.7,183454,82.2,31.9
2026-02-18,PRO033,82.4,34.1,168444,76.6,32.5
2026-02-18,PRO034,56.1,71.3,130425,69.2,72.0
2026-02-18,PRO035,42.7,62.3,123575,67.0,64.9
2026-02-18,PRO036,69.8,56.8,48664,93.6,35.7
2026-02-19,PRO001,46.7,22.3,87083,67.1,56.7
2026-02-19,PRO002,56.5,43.2,29639,69.4,30.3
2026-02-19,PRO003,74.8,75.2,144371,90.6,92.1
2026-02-19,PRO004,85.4,76.0,178238,85.2,32.7
2026-02-19,PRO005,62.1,49.5,148341,74.9,66.7
2026-02-19,PRO006,65.1,57.2,121056,75.8,8.4
2026-02-19,PRO007,76.1,21.6,122916,80.0,83.8
2026-02-19,PRO008,59.9,60.7,63544,63.1,12.7
2026-02-19,PRO009,49.6,51.7,34186,78.7,93.3
2026-02-19,PRO010,93.7,67.3,40119,78.4,23.8
2026-02-19,PRO011,88.2,37.2,148182,78.8,52.6
2026-02-19,PRO012,95.1,18.9,117243,84.1,19.8
2026-02-19,PRO013,75.8,78.0,23517,73.5,86.1
2026-02-19,PRO014,51.9,48.7,167619,83.3,54.0
2026-02-19,PRO015,82.8,67.7,126296,92.9,15.7
2026-02-19,PRO016,93.8,48.1,25086,89.5,43.2
2026-02-19,PRO017,54.1,76.1,62586,94.6,76.8
2026-02-19,PRO018,94.8,55.0,22726,82.1,61.0
2026-02-19,PRO019,50.4,52.8,121281,72.5,18.6
2026-02-19,PRO020,75.4,82.7,46259,98.8,81.6
2026-02-19,PRO021,51.4,41.8,82922,93.3,69.7
2026-02-19,PRO022,66.5,19.5,6748,69.3,15.6
2026-02-19,PRO023,72.6,30.3,141360,85.4,31.7
2026-02-19,PRO024,67.9,32.3,32492,94.0,85.3
2026-02-19,PRO025,88.8,47.5,126932,66.9,68.0
2026-02-19,PRO026,87.8,53.7,99954,69.4,28.1
2026-02-19,PRO027,72.8,52.1,152297,68.8,57.9
2026-02-19,PRO028,65.5,82.0,141958,79.6,20.5
2026-02-19,PRO029,50.9,82.7,169549,74.9,65.0
2026-02-19,PRO030,77.3,31.0,151539,74.1,19.9
2026-02-19,PRO031,93.7,80.4,45834,73.6,30.7
2026-02-19,PRO032,42.0,81.9,124949,74.7,61.3
2026-02-19,PRO033,45.4,49.1,119667,79.5,25.0
2026-02-19,PRO034,54.8,32.3,36675,92.6,29.5
2026-02-19,PRO035,84.3,51.6,69876,74.8,53.8
2026-02-19,PRO036,81.0,72.7,149769,96.9,79.4
2026-02-20,PRO001,89.2,72.6,164554,76.4,67.2
2026-02-20,PRO002,71.3,78.7,15542,85.0,31.5
2026-02-20,PRO003,73.0,47.9,74508,94.7,90.5
2026-02-20,PRO004,72.4,53.3,137434,98.4,27.0
2026-02-20,PRO005,61.8,55.6,17378,65.6,61.4
2026-02-20,PRO006,47.0,35.4,26253,74.7,58.8
2026-02-20,PRO007,79.6,68.0,4085,64.9,40.0
2026-02-20,PRO008,90.7,77.0,115606,79.4,82.3
2026-02-20,PRO009,83.9,52.5,70628,85.4,11.2
2026-02-20,PRO010,42.4,58.5,170198,80.4,65.3
2026-02-20,PRO011,45.1,31.2,81069,81.1,41.0
2026-02-20,PRO012,77.0,69.3,117566,62.8,46.5
2026-02-20,PRO013,67.8,27.4,175987,65.5,43.3
2026-02-20,PRO014,75.9,60.4,114104,71.5,20.5
2026-02-20,PRO015,72.1,69.2,89074,87.6,88.9
2026-02-20,PRO016,83.7,28.1,29843,62.9,85.7
2026-02-20,PRO017,51.4,81.8,61013,73.4,49.0
2026-02-20,PRO018,41.4,50.0,125332,85.4,58.9
2026-02-20,PRO019,86.0,52.9,139580,71.1,55.1
2026-02-20,PRO020,74.5,27.9,21107,81.4,29.2
2026-02-20,PRO021,89.9,75.7,126000,97.2,73.2
2026-02-20,PRO022,65.0,54.7,90719,65.1,14.0
2026-02-20,PRO023,93.6,29.0,39780,79.2,12.4
2026-02-20,PRO024,53.4,65.4,32343,63.2,46.4
2026-02-20,PRO025,92.9,25.2,127777,71.8,79.1
2026-02-20,PRO026,58.1,60.5,59888,90.7,9.9
2026-02-20,PRO027,64.3,83.4,104018,87.9,18.2
2026-02-20,PRO028,57.0,56.7,151713,83.6,45.0
2026-02-20,PRO029,61.1,36.7,81401,84.9,54.7
2026-02-20,PRO030,89.7,32.2,37320,64.3,21.4
2026-02-20,PRO031,68.2,18.3,68289,87.2,78.2
2026-02-20,PRO032,71.5,58.1,79329,89.0,52.9
2026-02-20,PRO033,56.3,70.0,62129,82.8,77.6
2026-02-20,PRO034,77.6,19.3,90920,94.7,31.4
2026-02-20,PRO035,66.5,35.1,141055,96.2,86.3
2026-02-20,PRO036,64.7,63.0,146535,74.6,86.0
2026-02-21,PRO001,46.6,40.9,32596,67.6,58.4
2026-02-21,PRO002,51.0,45.9,58577,69.0,30.6
2026-02-21,PRO003,75.5,69.4,25442,87.9,76.3
2026-02-21,PRO004,51.1,73.5,171320,74.6,90.2
2026-02-21,PRO005,70.1,59.8,133197,86.0,25.4
2026-02-21,PRO006,83.7,24.6,12031,82.4,69.3
2026-02-21,PRO007,69.9,58.6,37688,70.7,23.4
2026-02-21,PRO008,66.3,31.3,171674,92.1,48.4
2026-02-21,PRO009,89.8,29.9,87411,95.7,26.1
2026-02-21,PRO010,94.1,81.4,118371,82.9,78.0
2026-02-21,PRO011,89.8,77.9,65290,66.6,88.6
2026-02-21,PRO012,56.2,74.0,42897,64.3,24.4
2026-02-21,PRO013,70.1,19.6,83641,64.7,35.0
2026-02-21,PRO014,66.1,49.8,50860,90.3,55.3
2026-02-21,PRO015,61.4,82.5,31726,67.9,71.3
2026-02-21,PRO016,40.6,76.6,113877,82.2,20.9
2026-02-21,PRO017,74.3,69.6,44932,73.6,18.7
2026-02-21,PRO018,60.7,70.7,161812,64.0,38.1
2026-02-21,PRO019,50.3,71.6,84407,99.0,39.3
2026-02-21,PRO020,71.7,30.6,146338,93.7,65.9
2026-02-21,PRO021,84.7,26.1,106125,91.5,73.9
2026-02-21,PRO022,86.9,33.2,80826,97.9,64.7
2026-02-21,PRO023,88.3,52.0,50722,77.7,82.9
2026-02-21,PRO024,91.5,57.4,66093,64.0,19.8
2026-02-21,PRO025,61.4,73.2,34209,67.8,59.9
2026-02-21,PRO026,85.8,25.2,157098,71.1,20.7
2026-02-21,PRO027,92.2,53.9,134444,65.5,88.7
2026-02-21,PRO028,91.7,57.1,81889,65.0,76.4
2026-02-21,PRO029,81.2,80.8,136642,63.0,58.4
2026-02-21,PRO030,67.5,21.7,35112,78.7,49.7
2026-02-21,PRO031,70.5,71.6,107353,62.8,15.8
2026-02-21,PRO032,81.7,66.0,91675,65.6,29.7
2026-02-21,PRO033,74.5,57.0,19394,81.0,94.0
2026-02-21,PRO034,57.5,24.8,57231,89.8,86.0
2026-02-21,PRO035,82.5,83.3,159138,70.9,65.2
2026-02-21,PRO036,68.4,36.9,153895,95.0,43.5
2026-02-22,PRO001,59.0,54.4,29478,86.0,61.3
2026-02-22,PRO002,90.2,37.5,57304,62.5,8.7
2026-02-22,PRO003,58.1,56.8,19254,73.7,65.1
2026-02-22,PRO004,96.0,82.7,183227,90.1,93.3
2026-02-22,PRO005,72.2,69.3,3337,68.2,55.3
2026-02-22,PRO006,49.4,61.8,47982,91.4,50.0
2026-02-22,PRO007,57.6,59.4,154970,88.9,84.3
2026-02-22,PRO008,63.7,62.5,7171,80.1,86.1
2026-02-22,PRO009,46.2,30.8,64236,69.0,29.3
2026-02-22,PRO010,77.9,65.0,22286,98.5,74.1
2026-02-22,PRO011,79.0,18.1,102103,70.7,92.6
2026-02-22,PRO012,82.4,45.7,49709,74.6,19.3
2026-02-22,PRO013,53.9,58.6,13636,85.0,51.7
2026-02-22,PRO014,73.1,71.4,166105,66.1,70.3
2026-02-22,PRO015,79.9,73.9,22673,90.7,34.8
2026-02-22,PRO016,91.6,37.6,22836,68.2,79.6
2026-02-22,PRO017,56.7,61.1,136105,75.8,44.4
2026-02-22,PRO018,46.3,25.6,76172,82.0,89.8
2026-02-22,PRO019,90.2,50.7,87954,80.9,72.2
2026-02-22,PRO020,94.8,74.2,14189,64.2,84.6
2026-02-22,PRO021,68.5,75.0,54327,87.4,57.9
2026-02-22,PRO022,61.1,81.2,20597,68.7,32.6
2026-02-22,PRO023,84.2,73.5,25588,63.8,79.9
2026-02-22,PRO024,49.2,25.7,160781,68.3,16.7
2026-02-22,PRO025,65.4,54.1,10981,69.9,9.1
2026-02-22,PRO026,75.2,68.8,180099,73.9,54.3
2026-02-22,PRO027,89.1,32.0,116013,98.4,88.1
2026-02-22,PRO028,54.8,51.8,91043,83.5,64.8
2026-02-22,PRO029,70.6,80.1,23234,84.1,66.2
2026-02-22,PRO030,82.7,18.3,82620,90.0,61.1
2026-02-22,PRO031,54.3,21.0,22874,71.4,24.4
2026-02-22,PRO032,78.7,25.4,96004,75.9,72.5
2026-02-22,PRO033,58.5,66.4,95837,87.5,47.4
2026-02-22,PRO034,55.3,60.6,123466,75.7,53.3
2026-02-22,PRO035,43.5,82.5,131881,98.2,59.6
2026-02-22,PRO036,58.7,22.6,173806,74.1,33.7
2026-02-23,PRO001,78.6,25.1,144559,88.6,92.6
2026-02-23,PRO002,49.5,32.6,147257,88.5,87.4
2026-02-23,PRO003,76.4,28.0,42367,90.9,41.7
2026-02-23,PRO004,49.8,30.5,99179,90.5,30.5
2026-02-23,PRO005,43.7,69.3,159543,97.7,72.3
2026-02-23,PRO006,65.3,48.2,6621,76.6,24.6
2026-02-23,PRO007,95.3,73.4,76828,88.9,52.1
2026-02-23,PRO008,89.4,80.0,51276,85.8,92.1
2026-02-23,PRO009,66.7,64.7,84732,91.8,36.2
2026-02-23,PRO010,51.4,81.0,96731,69.5,28.3
2026-02-23,PRO011,95.7,63.1,177883,77.6,9.5
2026-02-23,PRO012,42.8,44.3,96690,89.9,46.6
2026-02-23,PRO013,79.5,49.5,34537,68.7,67.6
2026-02-23,PRO014,69.1,53.2,93803,74.0,46.0
2026-02-23,PRO015,70.3,29.1,134333,94.2,55.1
2026-02-23,PRO016,45.6,78.1,167863,89.1,60.2
2026-02-23,PRO017,44.9,49.8,49105,92.4,83.5
2026-02-23,PRO018,70.2,27.6,33868,66.2,53.1
2026-02-23,PRO019,61.7,26.0,177379,67.5,31.7
2026-02-23,PRO020,66.1,49.0,24499,71.3,85.6
2026-02-23,PRO021,93.2,47.5,100946,92.1,54.0
2026-02-23,PRO022,71.7,49.7,36327,69.0,25.1
2026-02-23,PRO023,59.4,39.7,117859,62.4,88.9
2026-02-23,PRO024,87.8,23.6,13792,78.2,77.0
2026-02-23,PRO025,43.0,79.2,12294,74.2,19.8
2026-02-23,PRO026,94.4,61.6,152209,94.6,83.8
2026-02-23,PRO027,63.1,58.3,4363,96.9,85.9
2026-02-23,PRO028,90.4,61.5,10282,85.3,93.9
2026-02-23,PRO029,59.2,68.9,87552,84.0,80.3
2026-02-23,PRO030,51.6,62.7,30828,73.4,83.6
2026-02-23,PRO031,78.2,77.7,15095,74.2,36.4
2026-02-23,PRO032,47.5,26.6,7555,92.1,45.7
2026-02-23,PRO033,55.8,66.5,13382,78.1,30.9
2026-02-23,PRO034,67.3,46.8,159577,82.6,74.1
2026-02-23,PRO035,52.1,32.3,90146,88.1,83.9
2026-02-23,PRO036,58.6,77.9,17397,78.6,48.8
2026-02-24,PRO001,81.2,65.3,36819,98.0,71.2
2026-02-24,PRO002,67.4,55.9,65345,91.3,86.2
2026-02-24,PRO003,56.8,50.3,39830,72.3,61.3
2026-02-24,PRO004,65.7,73.8,92211,81.3,71.8
2026-02-24,PRO005,62.5,36.9,50354,72.9,68.5
2026-02-24,PRO006,67.1,46.4,87089,70.6,35.2
2026-02-24,PRO007,72.3,67.0,177755,69.7,87.8
2026-02-24,PRO008,40.8,38.2,49916,98.8,56.2
2026-02-24,PRO009,92.7,51.5,136358,68.4,44.6
2026-02-24,PRO010,82.4,70.7,184464,75.2,35.1
2026-02-24,PRO011,47.4,20.7,8291,73.4,64.4
2026-02-24,PRO012,65.7,20.2,175138,63.3,91.1
2026-02-24,PRO013,64.2,31.4,123402,68.9,17.1
2026-02-24,PRO014,90.3,43.6,102022,89.9,68.5
2026-02-24,PRO015,75.6,26.3,55090,66.9,81.0
2026-02-24,PRO016,80.0,76.6,2701,86.1,66.5
2026-02-24,PRO017,89.2,28.8,149650,91.1,12.4
2026-02-24,PRO018,78.7,23.4,124705,78.9,40.0
2026-02-24,PRO019,79.9,70.7,55127,87.4,69.0
2026-02-24,PRO020,56.8,63.8,29637,86.3,60.6
2026-02-24,PRO021,82.7,82.0,60664,67.8,59.8
2026-02-24,PRO022,67.9,46.4,57325,89.9,57.7
2026-02-24,PRO023,71.7,42.4,162127,67.5,66.1
2026-02-24,PRO024,70.0,65.2,72526,64.4,68.6
2026-02-24,PRO025,92.2,44.4,94815,97.1,80.4
2026-02-24,PRO026,60.3,83.6,152163,88.5,35.8
2026-02-24,PRO027,62.4,68.1,124235,75.7,74.6
2026-02-24,PRO028,70.9,52.7,123978,74.8,27.2
2026-02-24,PRO029,62.0,58.8,42423,69.6,39.0
2026-02-24,PRO030,55.6,46.8,60185,62.1,56.1
2026-02-24,PRO031,94.7,22.6,56984,64.4,60.9
2026-02-24,PRO032,64.0,37.3,81462,67.3,75.4
2026-02-24,PRO033,74.9,57.1,156232,64.2,58.5
2026-02-24,PRO034,60.0,50.9,171195,87.1,20.5
2026-02-24,PRO035,71.2,65.6,66450,96.1,66.8
2026-02-24,PRO036,73.4,66.7,80309,75.8,71.7
2026-02-25,PRO001,73.8,48.7,174948,63.6,47.4
2026-02-25,PRO002,85.3,35.1,44437,64.2,75.9
2026-02-25,PRO003,45.9,49.0,53622,63.8,78.7
2026-02-25,PRO004,45.4,37.0,94094,93.1,70.0
2026-02-25,PRO005,76.0,70.7,12214,64.7,44.2
2026-02-25,PRO006,92.6,38.2,35358,94.6,42.1
2026-02-25,PRO007,59.3,76.3,160875,81.1,10.6
2026-02-25,PRO008,78.5,30.1,76202,89.9,43.7
2026-02-25,PRO009,83.7,79.2,29994,77.9,14.4
2026-02-25,PRO010,77.9,66.1,178836,71.4,55.9
2026-02-25,PRO011,95.4,25.4,168804,94.9,92.3
2026-02-25,PRO012,72.3,55.2,130205,90.9,87.9
2026-02-25,PRO013,46.6,74.1,143518,75.2,86.7
2026-02-25,PRO014,54.7,21.3,144603,70.6,17.2
2026-02-25,PRO015,68.2,19.3,44664,98.8,85.5
2026-02-25,PRO016,67.3,70.2,59254,81.9,32.9
2026-02-25,PRO017,78.4,43.1,165146,63.5,93.7
2026-02-25,PRO018,44.0,51.0,95961,97.4,91.8
2026-02-25,PRO019,47.2,19.5,42306,75.0,67.3
2026-02-25,PRO020,56.0,52.5,72098,86.8,88.1
2026-02-25,PRO021,57.4,50.8,176328,66.0,50.2
2026-02-25,PRO022,84.6,36.4,130308,87.4,72.7
2026-02-25,PRO023,85.8,30.8,81652,98.5,45.0
2026-02-25,PRO024,52.6,39.0,72345,94.4,28.1
2026-02-25,PRO025,95.8,24.6,129012,96.4,44.8
2026-02-25,PRO026,60.4,62.9,56188,68.7,70.3
2026-02-25,PRO027,62.0,49.4,13573,82.9,66.1
2026-02-25,PRO028,83.5,68.5,132976,82.3,46.2
2026-02-25,PRO029,66.7,59.6,122066,74.1,19.5
2026-02-25,PRO030,69.8,34.1,24973,71.6,31.2
2026-02-25,PRO031,65.5,22.4,40244,64.9,21.7
2026-02-25,PRO032,61.6,45.9,40731,95.9,56.0
2026-02-25,PRO033,45.0,34.6,96071,81.3,18.1
2026-02-25,PRO034,79.4,37.3,16298,80.2,82.6
2026-02-25,PRO035,57.2,39.1,57225,80.1,77.3
2026-02-25,PRO036,88.6,22.3,54365,92.3,8.1
2026-02-26,PRO001,49.1,54.2,117264,75.4,45.5
2026-02-26,PRO002,71.3,52.6,69353,74.7,21.0
2026-02-26,PRO003,48.3,66.5,26942,64.9,25.8
2026-02-26,PRO004,94.0,20.0,120203,80.8,22.5
2026-02-26,PRO005,57.6,80.4,85567,69.7,76.8
2026-02-26,PRO006,83.2,53.7,83546,70.5,68.9
2026-02-26,PRO007,66.6,74.3,58218,78.2,87.1
2026-02-26,PRO008,68.2,60.6,146995,66.6,21.8
2026-02-26,PRO009,84.4,37.7,129090,62.5,88.3
2026-02-26,PRO010,66.0,47.0,73053,73.8,58.8
2026-02-26,PRO011,46.1,28.4,11531,73.2,30.5
2026-02-26,PRO012,54.5,20.1,140685,88.8,34.0
2026-02-26,PRO013,58.7,41.8,62054,78.9,89.6
2026-02-26,PRO014,71.1,76.6,156768,63.1,70.7
2026-02-26,PRO015,75.3,36.6,144248,86.9,48.4
2026-02-26,PRO016,45.3,69.5,144720,62.6,30.0
2026-02-26,PRO017,65.9,23.1,176109,69.0,74.0
2026-02-26,PRO018,92.9,37.0,160561,81.1,68.4
2026-02-26,PRO019,85.8,26.5,142310,97.5,40.3
2026-02-26,PRO020,59.8,36.4,160485,68.9,78.2
2026-02-26,PRO021,95.8,78.7,184793,81.4,79.9
2026-02-26,PRO022,50.4,80.9,36955,87.3,58.2
2026-02-26,PRO023,72.8,65.4,159415,63.8,92.3
2026-02-26,PRO024,64.1,64.1,85102,78.4,70.2
2026-02-26,PRO025,53.0,63.8,148313,67.7,64.5
2026-02-26,PRO026,60.3,44.6,154743,78.6,75.9
2026-02-26,PRO027,71.0,72.4,19378,83.1,57.8
2026-02-26,PRO028,94.1,77.6,115997,69.6,11.7
2026-02-26,PRO029,60.3,53.8,106796,88.5,86.5
2026-02-26,PRO030,87.7,32.0,7256,72.9,21.3
2026-02-26,PRO031,94.3,68.5,111122,88.8,34.9
2026-02-26,PRO032,46.4,71.4,102234,63.4,92.8
2026-02-26,PRO033,71.9,24.1,142383,73.0,23.3
2026-02-26,PRO034,69.5,18.3,162579,76.3,66.9
2026-02-26,PRO035,89.3,77.1,40361,79.5,34.0
2026-02-26,PRO036,94.1,80.2,32455,89.5,25.4
2026-02-27,PRO001,51.8,80.2,71520,69.3,51.1
2026-02-27,PRO002,78.8,52.3,50452,89.3,65.8
2026-02-27,PRO003,81.8,60.2,124641,97.0,71.9
2026-02-27,PRO004,79.2,33.1,47814,71.2,85.6
2026-02-27,PRO005,47.9,80.4,29815,80.9,39.3
2026-02-27,PRO006,58.7,76.0,164751,70.5,21.1
2026-02-27,PRO007,82.7,27.5,55401,75.7,60.6
2026-02-27,PRO008,68.3,36.1,62932,68.6,40.9
2026-02-27,PRO009,77.8,18.2,143216,76.6,75.9
2026-02-27,PRO010,91.8,46.7,85463,78.9,84.7
2026-02-27,PRO011,75.1,75.9,88516,94.4,82.1
2026-02-27,PRO012,49.6,59.9,39677,71.2,74.2
2026-02-27,PRO013,40.8,37.7,89886,64.8,60.3
2026-02-27,PRO014,76.1,75.0,74683,88.1,38.2
2026-02-27,PRO015,75.6,67.5,94585,97.5,30.6
2026-02-27,PRO016,75.3,76.0,172391,94.7,15.0
2026-02-27,PRO017,55.4,31.6,135721,96.2,21.1
2026-02-27,PRO018,87.7,42.1,123717,82.3,37.8
2026-02-27,PRO019,50.8,57.1,90024,80.5,31.2
2026-02-27,PRO020,53.5,45.4,105767,87.0,86.0
2026-02-27,PRO021,41.7,36.9,142681,68.4,84.6
2026-02-27,PRO022,45.5,27.6,83833,93.6,38.4
2026-02-27,PRO023,51.9,21.8,53431,84.1,55.7
2026-02-27,PRO024,64.6,43.9,16390,84.8,34.8
2026-02-27,PRO025,58.8,26.3,56504,66.4,74.7
2026-02-27,PRO026,42.6,52.6,162158,68.6,63.7
2026-02-27,PRO027,92.8,37.3,175080,83.8,16.9
2026-02-27,PRO028,95.1,27.6,22766,68.8,74.9
2026-02-27,PRO029,73.4,78.0,113354,95.1,34.5
2026-02-27,PRO030,46.4,42.5,10828,93.9,72.0
2026-02-27,PRO031,48.3,79.5,168415,64.3,8.8
2026-02-27,PRO032,90.5,83.5,113630,89.1,30.4
2026-02-27,PRO033,72.3,83.3,149964,65.3,59.3
2026-02-27,PRO034,73.9,63.9,179318,73.1,81.3
2026-02-27,PRO035,95.5,36.0,165394,88.6,38.9
2026-02-27,PRO036,46.8,42.3,82170,91.5,67.9
2026-02-28,PRO001,79.2,75.1,12455,94.2,87.0
2026-02-28,PRO002,86.5,56.2,36054,68.6,30.5
2026-02-28,PRO003,66.1,62.7,84160,75.0,81.5
2026-02-28,PRO004,45.8,56.4,98758,69.2,53.3
2026-02-28,PRO005,45.2,37.1,173570,75.5,55.5
2026-02-28,PRO006,56.8,71.8,51224,87.3,85.7
2026-02-28,PRO007,83.9,54.8,82485,75.5,11.7
2026-02-28,PRO008,96.1,63.7,35816,65.5,15.3
2026-02-28,PRO009,59.3,48.2,65100,77.6,85.4
2026-02-28,PRO010,47.3,78.6,73698,97.3,52.1
2026-02-28,PRO011,87.0,51.5,176267,82.2,36.0
2026-02-28,PRO012,54.0,37.3,101020,77.1,85.9
2026-02-28,PRO013,78.9,49.2,105262,65.0,21.0
2026-02-28,PRO014,43.1,41.9,119968,72.0,17.7
2026-02-28,PRO015,66.7,45.0,79330,63.8,17.9
2026-02-28,PRO016,86.2,31.0,68057,68.9,33.4
2026-02-28,PRO017,52.4,54.6,72989,72.7,10.2
2026-02-28,PRO018,90.4,32.4,162831,91.4,72.8
2026-02-28,PRO019,76.9,57.5,183395,90.0,74.8
2026-02-28,PRO020,95.9,38.0,119157,93.8,71.9
2026-02-28,PRO021,62.5,62.8,83693,89.9,37.5
2026-02-28,PRO022,55.5,55.4,33313,92.3,70.7
2026-02-28,PRO023,49.5,44.9,62880,82.5,31.1
2026-02-28,PRO024,84.0,28.2,130591,81.2,93.3
2026-02-28,PRO025,79.4,58.5,24474,96.6,45.9
2026-02-28,PRO026,40.4,39.9,45555,92.7,69.8
2026-02-28,PRO027,94.5,63.0,94999,65.9,59.6
2026-02-28,PRO028,67.1,81.3,140566,83.4,81.4
2026-02-28,PRO029,65.6,54.3,130923,83.9,69.2
2026-02-28,PRO030,57.1,46.0,68968,94.8,55.0
2026-02-28,PRO031,95.1,22.9,106613,69.4,51.2
2026-02-28,PRO032,69.7,22.5,21533,80.0,16.7
2026-02-28,PRO033,46.8,68.9,120688,76.1,73.6
2026-02-28,PRO034,83.0,39.5,130584,65.1,53.4
2026-02-28,PRO035,45.9,32.3,180306,91.0,91.1
2026-02-28,PRO036,95.8,32.3,88693,76.5,8.0
2026-03-01,PRO001,66.7,24.3,23970,76.3,92.0
2026-03-01,PRO002,95.6,52.9,180292,66.0,59.0
2026-03-01,PRO003,86.9,23.3,4341,68.6,52.4
2026-03-01,PRO004,55.9,18.4,25549,93.5,35.9
2026-03-01,PRO005,67.6,83.5,34505,85.6,49.7
2026-03-01,PRO006,41.8,47.6,178291,68.2,63.7
2026-03-01,PRO007,56.5,25.7,158556,68.5,40.3
2026-03-01,PRO008,94.2,44.3,148288,62.9,88.0
2026-03-01,PRO009,40.3,59.8,47998,97.3,77.5
2026-03-01,PRO010,51.6,65.0,61064,91.4,83.2
2026-03-01,PRO011,53.2,83.9,163673,97.3,86.6
2026-03-01,PRO012,69.1,36.0,99825,98.1,25.6
2026-03-01,PRO013,59.2,36.7,150368,87.0,68.4
2026-03-01,PRO014,82.7,80.6,103989,72.6,86.9
2026-03-01,PRO015,90.8,20.6,75276,63.5,9.0
2026-03-01,PRO016,83.5,34.5,2907,97.8,92.6
2026-03-01,PRO017,61.9,69.0,66369,67.4,89.9
2026-03-01,PRO018,74.6,51.1,46094,92.8,23.2
2026-03-01,PRO019,80.1,59.4,175117,89.1,27.5
2026-03-01,PRO020,48.6,42.4,170699,94.8,73.4
2026-03-01,PRO021,42.2,81.8,21754,97.8,20.4
2026-03-01,PRO022,55.1,62.2,151476,82.0,62.4
2026-03-01,PRO023,74.2,33.9,136620,89.7,87.4
2026-03-01,PRO024,94.3,39.1,99063,69.7,30.0
2026-03-01,PRO025,89.3,49.5,21934,77.8,65.9
2026-03-01,PRO026,53.7,43.6,99690,95.9,88.7
2026-03-01,PRO027,43.9,76.1,3242,98.2,71.1
2026-03-01,PRO028,62.6,36.8,75335,66.5,67.5
2026-03-01,PRO029,58.9,19.5,91900,84.0,52.2
2026-03-01,PRO030,89.6,50.0,70423,82.8,68.3
2026-03-01,PRO031,61.6,83.6,51350,84.3,8.4
2026-03-01,PRO032,43.2,60.9,173826,88.7,36.4
2026-03-01,PRO033,46.3,30.2,37579,62.1,51.1
2026-03-01,PRO034,61.0,77.5,6370,64.8,23.8
2026-03-01,PRO035,73.5,32.9,135885,62.2,17.8
2026-03-01,PRO036,43.3,23.6,64447,76.9,19.1
2026-03-02,PRO001,52.3,49.9,82566,95.6,21.4
2026-03-02,PRO002,60.1,52.8,45611,79.0,81.4
2026-03-02,PRO003,53.5,55.1,78865,68.9,76.7
2026-03-02,PRO004,95.9,69.4,175478,92.6,56.5
2026-03-02,PRO005,95.6,83.0,116021,81.4,33.9
2026-03-02,PRO006,57.1,51.7,31024,81.2,51.9
2026-03-02,PRO007,89.9,64.3,141804,85.3,85.0
2026-03-02,PRO008,67.0,72.6,34084,67.2,91.0
2026-03-02,PRO009,47.8,77.4,96463,90.3,9.4
2026-03-02,PRO010,74.9,33.9,80421,63.9,86.9
2026-03-02,PRO011,85.5,67.1,119289,92.3,17.1
2026-03-02,PRO012,94.8,21.6,96411,73.4,89.3
2026-03-02,PRO013,73.6,75.0,171655,74.7,63.7
2026-03-02,PRO014,56.4,39.3,33335,91.5,21.4
2026-03-02,PRO015,76.4,50.3,33595,94.6,70.2
2026-03-02,PRO016,96.6,69.1,51246,88.2,71.1
2026-03-02,PRO017,67.8,75.3,36517,73.4,88.7
2026-03-02,PRO018,59.6,34.1,32973,78.8,21.5
2026-03-02,PRO019,80.1,82.4,143200,63.1,43.1
2026-03-02,PRO020,43.8,35.0,183881,76.1,51.7
2026-03-02,PRO021,84.5,19.2,28045,74.2,52.1
2026-03-02,PRO022,68.4,57.5,150834,72.0,17.1
2026-03-02,PRO023,52.4,20.7,39042,90.8,46.3
2026-03-02,PRO024,40.8,79.4,158169,83.2,12.8
2026-03-02,PRO025,64.2,58.5,89992,74.1,29.1
2026-03-02,PRO026,84.4,84.0,121717,96.8,66.0
2026-03-02,PRO027,86.1,18.0,129015,66.8,17.1
2026-03-02,PRO028,55.4,54.3,63009,79.1,34.9
2026-03-02,PRO029,84.8,31.9,113874,71.8,31.3
2026-03-02,PRO030,41.5,24.2,119423,94.9,32.6
2026-03-02,PRO031,94.5,69.8,63328,68.2,93.8
2026-03-02,PRO032,73.8,76.9,4847,69.8,64.3
2026-03-02,PRO033,96.7,60.7,79063,68.7,64.7
2026-03-02,PRO034,68.2,37.9,68470,67.0,82.7
2026-03-02,PRO035,51.9,23.8,57622,92.1,56.6
2026-03-02,PRO036,45.0,65.3,69631,89.3,92.3
2026-03-03,PRO001,56.3,32.3,109336,91.3,9.2
2026-03-03,PRO002,96.6,30.4,162530,73.1,76.4
2026-03-03,PRO003,61.4,43.1,124491,84.9,17.6
2026-03-03,PRO004,74.0,84.0,141809,93.1,87.7
2026-03-03,PRO005,72.4,49.0,59431,71.5,52.3
2026-03-03,PRO006,56.3,56.2,176503,81.2,91.0
2026-03-03,PRO007,43.3,73.2,147464,94.0,92.6
2026-03-03,PRO008,84.2,66.7,29802,83.0,77.3
2026-03-03,PRO009,83.0,38.2,122982,95.6,22.8
2026-03-03,PRO010,79.4,74.0,151332,70.9,27.4
2026-03-03,PRO011,48.7,53.7,113334,76.6,79.7
2026-03-03,PRO012,65.6,71.2,26748,98.2,14.3
2026-03-03,PRO013,74.5,41.4,151796,63.2,33.5
2026-03-03,PRO014,45.1,83.8,130087,70.8,59.7
2026-03-03,PRO015,53.0,52.1,47669,94.5,13.2
2026-03-03,PRO016,44.6,61.6,65946,87.3,43.9
2026-03-03,PRO017,46.6,71.2,2218,64.0,47.8
2026-03-03,PRO018,85.3,44.2,150413,72.1,9.5
2026-03-03,PRO019,92.7,45.9,160184,79.5,81.6
2026-03-03,PRO020,63.1,75.5,72995,91.6,76.7
2026-03-03,PRO021,80.1,30.1,155778,86.6,49.3
2026-03-03,PRO022,96.1,43.9,95473,71.0,49.1
2026-03-03,PRO023,82.5,83.7,103636,64.9,49.3
2026-03-03,PRO024,73.1,70.3,132057,70.0,8.5
2026-03-03,PRO025,80.5,65.6,75045,89.6,19.4
2026-03-03,PRO026,76.8,23.7,150480,91.7,85.6
2026-03-03,PRO027,91.3,55.3,142895,85.4,64.2
2026-03-03,PRO028,63.9,73.7,45446,73.4,57.2
2026-03-03,PRO029,96.3,40.8,45486,68.1,68.0
2026-03-03,PRO030,54.1,18.3,92940,88.3,14.2
2026-03-03,PRO031,44.2,31.9,115065,68.7,26.8
2026-03-03,PRO032,71.3,31.2,109954,80.7,18.2
2026-03-03,PRO033,73.2,45.1,25461,90.2,53.5
2026-03-03,PRO034,73.0,50.6,87326,78.3,41.6
2026-03-03,PRO035,56.1,44.8,168109,84.6,46.3
2026-03-03,PRO036,71.3,76.1,32739,73.9,46.8
2026-03-04,PRO001,85.0,64.2,64340,66.4,25.2
2026-03-04,PRO002,66.8,19.4,21476,92.0,43.4
2026-03-04,PRO003,50.6,31.9,166443,74.4,63.7
2026-03-04,PRO004,63.8,52.7,100177,90.4,8.7
2026-03-04,PRO005,44.4,40.3,116098,95.9,91.9
2026-03-04,PRO006,58.8,66.2,147046,85.9,36.5
2026-03-04,PRO007,68.9,41.1,10565,73.4,90.5
2026-03-04,PRO008,93.6,41.8,148483,72.2,47.5
2026-03-04,PRO009,77.6,58.1,52739,98.6,63.6
2026-03-04,PRO010,82.1,80.3,152923,90.0,86.6
2026-03-04,PRO011,66.0,68.1,49174,66.1,47.8
2026-03-04,PRO012,84.4,25.6,174743,81.7,55.6
2026-03-04,PRO013,82.4,75.3,178127,75.8,90.5
2026-03-04,PRO014,68.3,47.8,75102,88.3,53.5
2026-03-04,PRO015,56.2,45.0,75252,64.4,9.0
2026-03-04,PRO016,61.1,78.9,60730,92.9,54.6
2026-03-04,PRO017,78.5,18.5,23782,97.3,24.9
2026-03-04,PRO018,90.6,68.4,80363,69.5,32.5
2026-03-04,PRO019,61.0,51.4,23362,82.4,44.2
2026-03-04,PRO020,94.6,47.9,141348,95.9,71.4
2026-03-04,PRO021,71.9,28.0,32395,81.5,62.6
2026-03-04,PRO022,43.7,63.8,54031,63.0,44.7
2026-03-04,PRO023,66.7,43.9,35224,62.3,85.4
2026-03-04,PRO024,59.5,71.2,181703,73.6,14.0
2026-03-04,PRO025,43.7,56.1,155039,74.6,87.4
2026-03-04,PRO026,85.3,80.0,151158,95.6,49.7
2026-03-04,PRO027,42.0,64.7,171246,73.1,83.8
2026-03-04,PRO028,48.7,78.6,51814,88.3,66.6
2026-03-04,PRO029,66.5,20.6,59425,79.3,62.8
2026-03-04,PRO030,96.5,51.9,35417,87.9,81.2
2026-03-04,PRO031,81.6,62.3,91451,78.1,60.5
2026-03-04,PRO032,83.3,51.9,120975,95.6,86.8
2026-03-04,PRO033,49.0,80.2,13173,83.6,53.1
2026-03-04,PRO034,83.1,31.7,71840,90.1,72.6
2026-03-04,PRO035,69.9,52.5,174281,90.9,23.1
2026-03-04,PRO036,46.9,74.0,172394,71.5,30.4
2026-03-05,PRO001,51.6,24.0,86260,97.7,26.0
2026-03-05,PRO002,89.3,47.2,90899,78.6,78.0
2026-03-05,PRO003,42.2,50.9,91530,73.0,79.5
2026-03-05,PRO004,48.8,69.5,81294,89.9,15.4
2026-03-05,PRO005,75.6,80.6,125806,91.2,39.6
2026-03-05,PRO006,92.4,30.0,180847,65.0,67.0
2026-03-05,PRO007,40.0,75.2,63471,78.2,75.1
2026-03-05,PRO008,66.0,78.4,49523,68.1,30.1
2026-03-05,PRO009,67.8,59.0,70958,64.5,63.4
2026-03-05,PRO010,74.6,68.0,133438,92.2,41.7
2026-03-05,PRO011,94.9,77.3,171243,88.2,75.8
2026-03-05,PRO012,66.8,74.4,67457,91.3,87.2
2026-03-05,PRO013,42.8,18.5,38242,92.1,79.0
2026-03-05,PRO014,84.1,70.0,76317,71.1,43.1
2026-03-05,PRO015,79.0,72.2,110953,63.7,33.4
2026-03-05,PRO016,62.4,71.7,151821,92.7,16.4
2026-03-05,PRO017,66.2,72.6,19937,69.9,10.7
2026-03-05,PRO018,54.7,54.8,108030,88.7,63.4
2026-03-05,PRO019,84.9,24.9,170964,81.8,83.8
2026-03-05,PRO020,64.3,24.6,22643,77.4,81.0
2026-03-05,PRO021,85.7,50.1,183039,97.2,89.0
2026-03-05,PRO022,80.3,50.5,94922,85.8,74.0
2026-03-05,PRO023,75.3,59.2,46027,65.0,29.9
2026-03-05,PRO024,51.4,35.6,42742,90.0,20.2
2026-03-05,PRO025,67.6,81.5,54173,97.0,36.2
2026-03-05,PRO026,85.9,61.3,102272,72.8,61.2
2026-03-05,PRO027,64.2,56.3,25318,64.3,20.4
2026-03-05,PRO028,64.3,77.1,159381,98.9,69.6
2026-03-05,PRO029,53.3,30.0,51224,67.5,42.1
2026-03-05,PRO030,75.9,41.4,145759,95.4,61.0
2026-03-05,PRO031,54.0,31.1,160444,67.3,70.7
2026-03-05,PRO032,47.5,40.2,45474,88.2,54.1
2026-03-05,PRO033,53.6,56.8,74640,68.0,70.6
2026-03-05,PRO034,45.2,37.3,10374,63.2,42.6
2026-03-05,PRO035,49.4,56.5,26885,87.2,51.8
2026-03-05,PRO036,42.2,74.9,19584,67.5,65.3
2026-03-06,PRO001,49.8,73.4,176370,91.8,76.2
2026-03-06,PRO002,77.1,76.4,112891,79.7,20.8
2026-03-06,PRO003,85.8,35.4,89331,79.1,72.5
2026-03-06,PRO004,92.7,21.6,171298,86.2,62.0
2026-03-06,PRO005,47.2,75.6,126210,96.8,38.8
2026-03-06,PRO006,84.0,60.2,33021,72.3,28.8
2026-03-06,PRO007,52.2,37.9,47965,87.4,84.5
2026-03-06,PRO008,42.1,44.0,110822,93.6,58.6
2026-03-06,PRO009,82.0,66.8,53910,66.4,29.5
2026-03-06,PRO010,86.8,65.9,177734,81.1,34.0
2026-03-06,PRO011,70.3,83.9,30982,78.6,55.6
2026-03-06,PRO012,90.5,41.5,158580,82.1,89.2
2026-03-06,PRO013,96.3,81.8,177599,96.1,32.0
2026-03-06,PRO014,59.7,27.5,181093,99.0,70.5
2026-03-06,PRO015,43.6,54.8,101978,66.0,14.0
2026-03-06,PRO016,40.4,51.2,73249,76.6,19.1
2026-03-06,PRO017,67.0,41.3,56513,62.2,35.1
2026-03-06,PRO018,94.2,26.4,145294,63.6,27.1
2026-03-06,PRO019,78.7,35.8,8686,73.6,61.3
2026-03-06,PRO020,69.3,40.5,72831,94.7,71.2
2026-03-06,PRO021,48.2,46.6,50158,71.6,76.4
2026-03-06,PRO022,53.4,61.5,65624,94.6,10.5
2026-03-06,PRO023,77.4,21.7,46126,84.1,43.6
2026-03-06,PRO024,69.1,82.6,155581,64.6,30.5
2026-03-06,PRO025,84.6,21.4,17499,83.4,23.2
2026-03-06,PRO026,66.4,35.0,155861,79.6,75.2
2026-03-06,PRO027,60.0,46.1,105811,89.7,54.6
2026-03-06,PRO028,80.3,72.5,2202,66.8,14.6
2026-03-06,PRO029,82.1,66.9,45119,66.9,15.6
2026-03-06,PRO030,94.0,45.1,73218,89.4,26.5
2026-03-06,PRO031,61.6,32.2,74100,77.4,40.5
2026-03-06,PRO032,86.2,74.7,137719,90.3,44.4
2026-03-06,PRO033,78.8,76.2,161515,68.9,26.0
2026-03-06,PRO034,59.3,38.2,34147,77.9,22.9
2026-03-06,PRO035,47.8,60.6,25336,86.8,67.6
2026-03-06,PRO036,69.2,33.3,130841,95.3,54.1
2026-03-07,PRO001,62.3,72.0,70895,91.8,20.8
2026-03-07,PRO002,55.7,67.5,79714,70.9,60.6
2026-03-07,PRO003,89.0,54.4,166841,78.2,80.7
2026-03-07,PRO004,49.4,32.2,96830,72.9,26.2
2026-03-07,PRO005,88.9,44.8,168848,62.8,77.5
2026-03-07,PRO006,45.7,44.9,23869,93.3,56.2
2026-03-07,PRO007,72.5,74.7,172236,63.2,69.8
2026-03-07,PRO008,66.1,68.8,90889,98.1,42.3
2026-03-07,PRO009,50.2,62.8,18421,72.4,11.1
2026-03-07,PRO010,73.3,67.6,98897,96.4,28.7
2026-03-07,PRO011,72.9,59.0,150139,71.2,31.0
2026-03-07,PRO012,79.0,33.8,85671,83.9,63.3
2026-03-07,PRO013,43.4,57.6,37403,72.4,55.6
2026-03-07,PRO014,90.1,43.4,159796,78.1,75.9
2026-03-07,PRO015,62.9,32.6,45111,87.4,79.6
2026-03-07,PRO016,64.5,80.1,157937,67.5,47.8
2026-03-07,PRO017,91.6,24.3,102149,79.8,45.8
2026-03-07,PRO018,47.9,57.0,118265,83.6,34.4
2026-03-07,PRO019,56.3,53.3,175902,72.9,60.9
2026-03-07,PRO020,82.3,61.8,5564,87.3,92.1
2026-03-07,PRO021,84.1,72.0,177518,95.2,66.4
2026-03-07,PRO022,69.7,37.2,109235,77.5,21.8
2026-03-07,PRO023,78.1,28.5,165875,73.8,87.9
2026-03-07,PRO024,47.2,41.3,76323,93.5,41.4
2026-03-07,PRO025,80.5,41.4,67495,62.5,55.4
2026-03-07,PRO026,69.2,68.0,37843,94.1,73.6
2026-03-07,PRO027,54.5,19.7,161456,65.7,21.2
2026-03-07,PRO028,94.2,49.4,40429,80.3,16.7
2026-03-07,PRO029,53.3,72.0,6838,92.9,81.7
2026-03-07,PRO030,84.7,69.0,32568,84.7,31.4
2026-03-07,PRO031,73.9,82.0,36281,78.5,51.3
2026-03-07,PRO032,43.6,74.0,94289,85.1,61.1
2026-03-07,PRO033,95.3,21.2,12737,80.4,30.7
2026-03-07,PRO034,42.6,22.6,78443,73.0,87.2
2026-03-07,PRO035,57.4,24.1,18904,81.4,9.4
2026-03-07,PRO036,80.8,80.6,3052,79.0,48.8
2026-03-08,PRO001,81.6,73.8,174831,96.3,32.9
2026-03-08,PRO002,72.5,34.3,81244,90.9,87.0
2026-03-08,PRO003,57.0,83.3,182111,79.2,42.0
2026-03-08,PRO004,48.1,80.2,178575,75.7,81.2
2026-03-08,PRO005,69.4,81.4,77354,78.3,65.3
2026-03-08,PRO006,61.3,51.4,10584,81.7,20.1
2026-03-08,PRO007,79.5,30.1,124936,66.7,59.7
2026-03-08,PRO008,58.4,83.5,158417,96.8,63.2
2026-03-08,PRO009,53.9,70.2,172962,73.7,18.8
2026-03-08,PRO010,53.4,76.3,182016,74.8,12.5
2026-03-08,PRO011,56.9,39.1,41004,90.7,36.4
2026-03-08,PRO012,85.5,55.6,156477,78.4,15.8
2026-03-08,PRO013,50.1,82.9,96025,87.8,81.8
2026-03-08,PRO014,40.6,73.8,135253,98.0,56.9
2026-03-08,PRO015,83.4,82.0,15888,82.2,74.4
2026-03-08,PRO016,74.9,71.4,43283,79.5,34.3
2026-03-08,PRO017,61.5,44.1,124113,77.0,22.6
2026-03-08,PRO018,94.7,44.6,107432,76.0,77.6
2026-03-08,PRO019,88.6,25.9,121140,97.9,32.4
2026-03-08,PRO020,78.9,28.7,52547,81.8,28.6
2026-03-08,PRO021,75.2,26.0,134276,79.1,15.1
2026-03-08,PRO022,40.3,26.3,169318,86.4,89.4
2026-03-08,PRO023,65.1,61.5,71244,97.9,83.6
2026-03-08,PRO024,52.0,75.2,45205,91.8,90.2
2026-03-08,PRO025,74.9,53.1,156050,77.7,87.6
2026-03-08,PRO026,50.2,63.9,15773,95.6,59.5
2026-03-08,PRO027,46.1,48.5,3575,64.3,64.7
2026-03-08,PRO028,93.2,18.7,70342,76.4,31.2
2026-03-08,PRO029,68.3,53.8,73771,93.8,21.5
2026-03-08,PRO030,77.0,77.9,65994,80.3,49.4
2026-03-08,PRO031,70.5,76.3,140000,86.6,58.8
2026-03-08,PRO032,58.0,29.7,61819,90.4,14.5
2026-03-08,PRO033,89.9,53.7,106948,81.2,88.7
2026-03-08,PRO034,44.6,33.5,178041,83.0,29.7
2026-03-08,PRO035,41.8,67.1,65820,91.7,30.8
2026-03-08,PRO036,96.5,81.8,36028,73.3,90.1
2026-03-09,PRO001,93.6,64.3,79262,64.5,28.1
2026-03-09,PRO002,54.5,41.7,22356,91.0,74.6
2026-03-09,PRO003,88.5,27.6,56268,82.6,53.6
2026-03-09,PRO004,42.9,77.0,3562,96.9,84.6
2026-03-09,PRO005,63.3,59.5,112558,77.4,46.5
2026-03-09,PRO006,48.9,39.1,75201,81.1,28.2
2026-03-09,PRO007,51.7,62.3,148278,63.9,18.7
2026-03-09,PRO008,96.2,46.7,135833,80.0,21.2
2026-03-09,PRO009,58.6,52.3,115180,62.6,81.8
2026-03-09,PRO010,96.4,27.5,40305,64.7,78.6
2026-03-09,PRO011,45.9,72.7,28936,94.7,71.2
2026-03-09,PRO012,61.8,32.8,124648,67.5,68.3
2026-03-09,PRO013,95.0,40.0,59827,86.4,39.7
2026-03-09,PRO014,86.8,26.3,163266,87.7,87.5
2026-03-09,PRO015,62.3,70.3,109923,69.5,14.7
2026-03-09,PRO016,79.0,63.9,16144,68.2,65.5
2026-03-09,PRO017,61.4,59.3,160682,86.1,37.9
2026-03-09,PRO018,84.8,26.5,140179,73.7,13.0
2026-03-09,PRO019,77.9,69.0,172573,95.7,87.7
2026-03-09,PRO020,74.3,60.6,83102,89.4,73.5
2026-03-09,PRO021,57.5,21.2,105373,76.7,56.5
2026-03-09,PRO022,45.8,55.0,77440,76.9,89.4
2026-03-09,PRO023,92.7,58.3,74835,87.1,26.1
2026-03-09,PRO024,40.1,52.6,93461,83.1,64.8
2026-03-09,PRO025,72.1,62.2,23948,90.1,49.5
2026-03-09,PRO026,56.7,77.4,127818,74.4,50.4
2026-03-09,PRO027,46.1,44.4,95590,88.2,58.1
2026-03-09,PRO028,60.3,46.9,27427,88.9,70.6
2026-03-09,PRO029,41.2,58.4,60399,89.3,46.6
2026-03-09,PRO030,61.2,79.9,53706,67.6,57.6
2026-03-09,PRO031,92.5,33.9,3184,80.3,15.6
2026-03-09,PRO032,44.0,27.2,127802,87.3,62.1
2026-03-09,PRO033,88.0,63.1,38124,74.5,51.7
2026-03-09,PRO034,91.6,24.2,14280,84.4,83.6
2026-03-09,PRO035,72.2,45.9,11248,98.3,80.1
2026-03-09,PRO036,55.2,53.2,45939,87.3,65.5
2026-03-10,PRO001,76.9,81.2,23667,86.3,84.9
2026-03-10,PRO002,49.5,49.2,71862,94.4,25.2
2026-03-10,PRO003,56.9,60.8,52259,94.1,77.6
2026-03-10,PRO004,89.9,47.3,5947,92.7,89.5
2026-03-10,PRO005,78.0,52.3,74118,82.6,46.2
2026-03-10,PRO006,88.7,53.6,172204,75.4,90.6
2026-03-10,PRO007,91.9,24.4,73911,98.1,24.0
2026-03-10,PRO008,44.4,62.4,177138,80.6,62.8
2026-03-10,PRO009,46.7,72.3,64118,80.0,46.5
2026-03-10,PRO010,42.5,55.4,17614,77.7,80.4
2026-03-10,PRO011,73.9,46.3,78753,95.6,81.9
2026-03-10,PRO012,65.9,57.7,169747,64.4,92.0
2026-03-10,PRO013,60.0,40.8,167846,72.0,69.7
2026-03-10,PRO014,60.3,32.2,129622,98.8,75.1
2026-03-10,PRO015,82.0,20.8,138959,78.3,93.4
2026-03-10,PRO016,62.9,75.7,65135,96.2,77.3
2026-03-10,PRO017,68.9,53.0,52342,97.4,82.7
2026-03-10,PRO018,69.8,79.5,130914,76.1,72.5
2026-03-10,PRO019,75.9,29.3,114297,75.0,75.9
2026-03-10,PRO020,77.4,77.5,40671,76.2,69.9
2026-03-10,PRO021,80.8,30.5,13928,64.6,16.6
2026-03-10,PRO022,87.0,18.8,31627,90.6,12.3
2026-03-10,PRO023,49.3,60.0,129545,86.0,80.0
2026-03-10,PRO024,96.8,32.5,92133,95.8,22.1
2026-03-10,PRO025,45.4,72.3,7297,91.2,91.6
2026-03-10,PRO026,44.4,51.4,91747,68.8,12.2
2026-03-10,PRO027,93.7,42.1,165440,76.0,68.5
2026-03-10,PRO028,66.2,81.3,119810,89.1,13.0
2026-03-10,PRO029,43.7,55.9,73828,97.0,90.6
2026-03-10,PRO030,48.4,39.0,6684,94.7,57.9
2026-03-10,PRO031,64.8,80.9,94199,80.4,63.0
2026-03-10,PRO032,76.0,80.7,140748,92.7,74.6
2026-03-10,PRO033,82.8,68.4,42282,94.2,75.9
2026-03-10,PRO034,50.5,30.7,40973,83.0,47.0
2026-03-10,PRO035,43.6,76.8,70886,79.6,55.6
2026-03-10,PRO036,89.3,31.9,68925,93.1,54.4
2026-03-11,PRO001,66.9,30.6,84858,78.9,79.1
2026-03-11,PRO002,41.2,45.1,2393,90.5,74.6
2026-03-11,PRO003,60.6,36.0,138491,85.7,62.2
2026-03-11,PRO004,67.8,75.3,16589,77.0,59.8
2026-03-11,PRO005,75.0,64.1,93355,98.2,11.0
2026-03-11,PRO006,65.9,45.1,55415,73.8,11.3
2026-03-11,PRO007,74.4,21.1,148772,75.7,29.9
2026-03-11,PRO008,59.0,66.2,100554,94.3,71.1
2026-03-11,PRO009,60.9,60.4,99616,81.1,30.8
2026-03-11,PRO010,60.3,61.4,90708,91.5,23.9
2026-03-11,PRO011,70.9,28.7,47535,88.5,17.3
2026-03-11,PRO012,48.9,22.6,65484,82.6,84.9
2026-03-11,PRO013,46.0,36.8,163004,64.7,84.8
2026-03-11,PRO014,86.0,47.8,92397,74.6,15.1
2026-03-11,PRO015,47.6,28.9,69203,62.9,60.0
2026-03-11,PRO016,85.7,41.5,181159,94.0,20.5
2026-03-11,PRO017,65.6,34.7,25484,87.6,14.1
2026-03-11,PRO018,81.9,53.5,143397,70.0,19.6
2026-03-11,PRO019,63.8,24.6,64948,84.9,10.2
2026-03-11,PRO020,49.1,81.7,153355,98.6,19.0
2026-03-11,PRO021,53.1,56.0,163068,67.6,17.6
2026-03-11,PRO022,80.9,61.6,37334,62.8,91.2
2026-03-11,PRO023,91.3,68.6,165636,87.3,10.1
2026-03-11,PRO024,54.7,26.6,161730,62.4,67.7
2026-03-11,PRO025,91.9,79.9,45777,65.8,73.9
2026-03-11,PRO026,93.7,49.1,160157,78.5,42.2
2026-03-11,PRO027,47.6,62.9,80259,92.7,40.3
2026-03-11,PRO028,44.1,59.9,123147,84.7,52.6
2026-03-11,PRO029,52.1,29.3,89706,86.6,43.4
2026-03-11,PRO030,69.4,45.2,37571,96.5,19.9
2026-03-11,PRO031,59.0,37.9,55511,62.6,17.1
2026-03-11,PRO032,89.4,21.3,103035,89.0,73.2
2026-03-11,PRO033,95.0,26.5,90529,94.2,44.0
2026-03-11,PRO034,71.4,48.6,150178,87.2,89.0
2026-03-11,PRO035,52.1,42.5,155966,92.6,42.9
2026-03-11,PRO036,49.7,49.8,80003,91.7,16.6
2026-03-12,PRO001,65.0,46.5,164019,80.2,25.9
2026-03-12,PRO002,83.9,78.7,23271,92.8,19.3
2026-03-12,PRO003,62.1,46.3,66135,71.9,91.4
2026-03-12,PRO004,78.4,27.0,62723,82.9,74.4
2026-03-12,PRO005,79.7,69.3,5747,66.1,74.0
2026-03-12,PRO006,72.3,54.7,116758,91.1,71.3
2026-03-12,PRO007,42.3,73.1,12643,82.1,61.9
2026-03-12,PRO008,78.5,31.3,138290,77.5,37.8
2026-03-12,PRO009,79.9,67.9,22319,79.8,63.1
2026-03-12,PRO010,80.2,73.6,64158,97.9,64.9
2026-03-12,PRO011,78.5,76.0,153012,81.6,46.2
2026-03-12,PRO012,89.2,71.1,77074,94.8,42.3
2026-03-12,PRO013,52.2,44.7,54705,81.6,64.6
2026-03-12,PRO014,48.7,24.3,144965,81.4,61.4
2026-03-12,PRO015,49.4,71.6,36896,95.0,63.7
2026-03-12,PRO016,70.5,22.7,180077,87.4,40.8
2026-03-12,PRO017,83.2,78.3,70449,82.9,87.2
2026-03-12,PRO018,80.2,64.5,96500,88.6,74.2
2026-03-12,PRO019,64.4,74.8,157832,63.2,12.1
2026-03-12,PRO020,73.0,54.6,154203,77.1,29.8
2026-03-12,PRO021,47.2,32.7,102484,81.9,77.1
2026-03-12,PRO022,62.5,72.0,42755,65.1,28.7
2026-03-12,PRO023,63.4,55.8,148179,75.1,78.2
2026-03-12,PRO024,84.5,53.5,174661,93.9,70.8
2026-03-12,PRO025,53.3,47.5,55755,77.1,93.4
2026-03-12,PRO026,89.0,27.4,119553,81.2,11.7
2026-03-12,PRO027,54.7,21.4,123697,81.0,76.1
2026-03-12,PRO028,57.8,82.8,95508,81.4,25.0
2026-03-12,PRO029,58.4,39.1,48574,97.5,80.1
2026-03-12,PRO030,48.1,66.5,184329,96.5,10.7
2026-03-12,PRO031,85.3,79.0,5240,85.4,66.2
2026-03-12,PRO032,65.4,26.9,143143,88.8,63.7
2026-03-12,PRO033,84.3,27.2,169504,86.0,51.0
2026-03-12,PRO034,74.2,80.0,128646,66.6,83.8
2026-03-12,PRO035,82.4,26.2,118008,86.5,75.7
2026-03-12,PRO036,88.4,23.1,61375,78.3,24.5
2026-03-13,PRO001,43.9,77.0,41913,72.7,68.5
2026-03-13,PRO002,92.0,73.6,74957,98.0,32.8
2026-03-13,PRO003,55.6,69.8,2639,75.4,28.0
2026-03-13,PRO004,42.0,63.8,134457,94.1,93.7
2026-03-13,PRO005,73.6,53.1,99759,87.3,14.1
2026-03-13,PRO006,60.6,77.5,151326,68.3,80.4
2026-03-13,PRO007,86.8,75.1,112594,84.0,65.8
2026-03-13,PRO008,84.1,75.2,49128,67.1,69.0
2026-03-13,PRO009,63.6,55.8,111988,80.9,36.6
2026-03-13,PRO010,88.3,60.1,133232,62.4,31.5
2026-03-13,PRO011,56.0,38.6,126099,94.7,10.8
2026-03-13,PRO012,72.8,76.4,29642,92.4,68.3
2026-03-13,PRO013,52.6,52.4,65091,63.2,86.4
2026-03-13,PRO014,59.6,52.4,20141,63.5,11.0
2026-03-13,PRO015,96.2,72.7,104302,77.9,80.7
2026-03-13,PRO016,71.3,40.7,115230,67.1,69.7
2026-03-13,PRO017,92.3,69.1,131978,80.1,64.2
2026-03-13,PRO018,82.4,47.8,95591,81.7,43.0
2026-03-13,PRO019,45.6,58.2,147519,65.0,13.1
2026-03-13,PRO020,52.5,21.8,90373,97.7,72.7
2026-03-13,PRO021,80.6,83.9,165157,70.6,69.8
2026-03-13,PRO022,57.4,49.0,164480,64.8,58.9
2026-03-13,PRO023,58.0,55.8,109621,95.1,52.4
2026-03-13,PRO024,48.3,65.9,59336,65.1,27.0
2026-03-13,PRO025,78.4,27.3,113948,95.7,85.7
2026-03-13,PRO026,47.8,56.7,88677,92.2,51.3
2026-03-13,PRO027,41.4,82.6,60427,72.8,45.4
2026-03-13,PRO028,62.9,44.6,53336,71.9,75.2
2026-03-13,PRO029,41.1,55.8,63319,74.4,85.2
2026-03-13,PRO030,65.1,76.6,123867,64.2,24.0
2026-03-13,PRO031,56.9,47.5,33371,62.3,57.0
2026-03-13,PRO032,53.9,18.7,35793,66.7,38.7
2026-03-13,PRO033,77.8,20.1,103295,91.5,30.0
2026-03-13,PRO034,66.0,36.0,155951,74.1,15.3
2026-03-13,PRO035,60.6,67.4,23092,71.5,88.7
2026-03-13,PRO036,72.8,45.8,68052,93.0,25.0
2026-03-14,PRO001,84.3,40.4,100509,97.1,16.1
2026-03-14,PRO002,57.6,51.5,95494,63.5,61.3
2026-03-14,PRO003,66.5,80.2,144232,93.0,28.0
2026-03-14,PRO004,96.4,75.2,77394,67.4,14.0
2026-03-14,PRO005,63.2,23.5,38846,83.3,73.6
2026-03-14,PRO006,53.2,47.1,70559,78.3,72.2
2026-03-14,PRO007,52.3,61.2,175678,67.5,37.0
2026-03-14,PRO008,68.7,64.7,180559,72.7,83.7
2026-03-14,PRO009,60.5,65.7,176357,92.5,11.7
2026-03-14,PRO010,87.2,55.6,20014,78.6,49.5
2026-03-14,PRO011,89.3,58.8,141931,72.4,56.7
2026-03-14,PRO012,57.9,71.3,180176,89.5,36.8
2026-03-14,PRO013,93.7,72.4,128198,88.5,59.6
2026-03-14,PRO014,61.4,37.5,167245,80.0,58.5
2026-03-14,PRO015,46.0,69.8,148255,86.7,53.6
2026-03-14,PRO016,46.2,20.9,11733,95.3,46.0
2026-03-14,PRO017,54.6,42.6,61555,63.4,70.3
2026-03-14,PRO018,58.8,55.0,52777,82.5,81.4
2026-03-14,PRO019,58.2,55.6,113671,97.8,73.6
2026-03-14,PRO020,87.2,64.7,33275,65.6,89.9
2026-03-14,PRO021,45.9,41.8,89519,96.2,62.7
2026-03-14,PRO022,69.4,64.9,78915,64.6,68.8
2026-03-14,PRO023,62.3,24.3,91656,68.7,51.0
2026-03-14,PRO024,90.8,71.7,95869,84.9,12.5
2026-03-14,PRO025,83.2,26.5,42280,88.3,80.0
2026-03-14,PRO026,78.9,68.3,38923,69.5,15.2
2026-03-14,PRO027,68.5,49.3,82215,67.8,30.0
2026-03-14,PRO028,54.9,57.8,42625,83.7,85.2
2026-03-14,PRO029,46.5,25.8,7790,95.4,34.8
2026-03-14,PRO030,62.8,46.7,141050,90.2,73.6
2026-03-14,PRO031,68.7,49.8,116783,97.1,15.0
2026-03-14,PRO032,91.6,65.1,116304,93.3,78.1
2026-03-14,PRO033,95.4,21.0,64667,73.4,57.4
2026-03-14,PRO034,66.9,58.5,7516,94.7,62.5
2026-03-14,PRO035,87.2,30.8,160820,90.1,63.7
2026-03-14,PRO036,67.1,72.8,167711,71.7,28.6
2026-03-15,PRO001,68.5,60.8,57501,87.3,78.9
2026-03-15,PRO002,60.2,25.3,151172,63.4,58.3
2026-03-15,PRO003,96.9,45.0,157567,76.2,54.9
2026-03-15,PRO004,57.4,70.5,83696,64.1,70.5
2026-03-15,PRO005,46.7,50.0,127322,79.8,70.9
2026-03-15,PRO006,53.7,76.4,35940,66.1,91.5
2026-03-15,PRO007,50.3,80.1,32617,76.0,45.9
2026-03-15,PRO008,41.9,48.5,52170,65.5,61.1
2026-03-15,PRO009,57.7,50.8,7795,80.2,62.2
2026-03-15,PRO010,86.2,24.5,63357,83.8,82.2
2026-03-15,PRO011,63.8,25.3,74374,76.8,92.5
2026-03-15,PRO012,65.2,71.2,60150,70.2,23.2
2026-03-15,PRO013,49.7,35.0,89900,80.2,16.9
2026-03-15,PRO014,85.8,61.5,34129,66.1,53.9
2026-03-15,PRO015,62.9,18.5,136049,78.0,58.8
2026-03-15,PRO016,59.1,21.6,81844,64.9,32.6
2026-03-15,PRO017,76.8,27.2,158867,69.8,30.7
2026-03-15,PRO018,91.3,26.4,53000,95.2,84.1
2026-03-15,PRO019,94.8,41.3,181066,92.2,52.8
2026-03-15,PRO020,70.5,74.1,77993,63.3,10.1
2026-03-15,PRO021,85.1,73.6,180122,69.1,26.1
2026-03-15,PRO022,74.5,27.3,181464,92.4,73.1
2026-03-15,PRO023,76.1,21.6,159546,74.6,82.3
2026-03-15,PRO024,58.2,65.4,72678,65.7,69.2
2026-03-15,PRO025,69.0,82.2,45606,76.4,47.5
2026-03-15,PRO026,45.1,67.0,135026,67.6,37.9
2026-03-15,PRO027,95.4,67.7,180505,91.7,36.6
2026-03-15,PRO028,91.1,41.4,70004,98.3,28.0
2026-03-15,PRO029,73.0,61.6,184042,82.7,36.5
2026-03-15,PRO030,49.4,34.9,184310,69.7,21.9
2026-03-15,PRO031,66.5,81.9,158266,90.1,9.4
2026-03-15,PRO032,81.0,50.3,168477,86.6,72.0
2026-03-15,PRO033,94.7,42.5,38090,91.7,59.0
2026-03-15,PRO034,91.8,56.3,68358,79.5,27.5
2026-03-15,PRO035,53.5,61.6,172512,77.7,48.3
2026-03-15,PRO036,81.6,41.6,177486,68.5,13.6
2026-03-16,PRO001,76.6,45.3,67575,91.6,80.8
2026-03-16,PRO002,71.9,23.5,102201,95.2,51.2
2026-03-16,PRO003,90.2,36.2,79272,95.3,74.7
2026-03-16,PRO004,90.2,19.6,101301,76.6,37.8
2026-03-16,PRO005,73.4,71.1,159735,84.3,45.5
2026-03-16,PRO006,80.9,47.0,96231,78.3,68.6
2026-03-16,PRO007,45.7,58.6,70276,70.1,51.0
2026-03-16,PRO008,66.8,24.7,153796,64.1,80.7
2026-03-16,PRO009,66.7,49.8,14061,62.9,85.3
2026-03-16,PRO010,96.2,23.9,177884,65.8,92.5
2026-03-16,PRO011,41.7,25.7,76768,94.7,62.9
2026-03-16,PRO012,49.0,57.6,112122,75.8,83.5
2026-03-16,PRO013,56.7,19.7,153486,62.1,26.4
2026-03-16,PRO014,71.4,30.1,140750,96.8,22.3
2026-03-16,PRO015,61.8,40.8,173211,93.5,91.9
2026-03-16,PRO016,80.7,80.4,61722,93.7,32.2
2026-03-16,PRO017,46.5,43.7,61086,79.2,39.3
2026-03-16,PRO018,61.7,29.7,37607,94.8,53.2
2026-03-16,PRO019,86.1,70.6,151780,68.9,50.1
2026-03-16,PRO020,88.5,46.1,50924,72.5,90.4
2026-03-16,PRO021,62.1,38.2,63264,82.2,93.2
2026-03-16,PRO022,40.5,46.9,16513,74.0,30.0
2026-03-16,PRO023,46.9,40.8,148265,92.4,67.1
2026-03-16,PRO024,79.3,56.1,66306,95.8,37.9
2026-03-16,PRO025,80.7,39.9,69357,71.9,19.5
2026-03-16,PRO026,45.4,53.8,9655,88.9,18.5
2026-03-16,PRO027,54.4,76.2,32289,66.7,9.5
2026-03-16,PRO028,80.9,36.1,137053,75.4,83.2
2026-03-16,PRO029,96.9,67.4,48263,96.2,38.2
2026-03-16,PRO030,52.9,25.4,113668,94.3,93.8
2026-03-16,PRO031,46.6,18.8,83673,71.2,72.4
2026-03-16,PRO032,56.9,54.5,55923,90.6,71.1
2026-03-16,PRO033,56.2,67.8,23616,93.6,68.8
2026-03-16,PRO034,77.0,41.7,164344,76.1,26.7
2026-03-16,PRO035,82.0,75.1,26617,77.6,90.1
2026-03-16,PRO036,42.8,45.4,82221,68.1,56.5
2026-03-17,PRO001,84.8,61.2,162894,75.1,43.2
2026-03-17,PRO002,91.4,65.9,168831,84.0,91.8
2026-03-17,PRO003,56.8,40.5,134373,87.8,50.3
2026-03-17,PRO004,81.0,27.4,7608,66.3,81.4
2026-03-17,PRO005,89.1,19.0,116014,92.9,17.3
2026-03-17,PRO006,70.3,34.5,6655,65.4,24.1
2026-03-17,PRO007,96.8,44.2,102054,91.8,18.7
2026-03-17,PRO008,57.4,75.9,56953,67.7,21.2
2026-03-17,PRO009,96.1,81.3,102379,82.2,18.2
2026-03-17,PRO010,61.3,54.7,154248,73.4,57.3
2026-03-17,PRO011,90.2,29.8,41456,65.2,22.5
2026-03-17,PRO012,73.2,50.2,180632,80.5,44.1
2026-03-17,PRO013,93.1,23.9,62332,79.6,16.2
2026-03-17,PRO014,43.9,57.8,103927,64.8,81.3
2026-03-17,PRO015,94.9,23.3,119946,88.5,34.4
2026-03-17,PRO016,57.3,84.0,19697,64.9,13.8
2026-03-17,PRO017,82.4,65.2,13197,69.1,85.4
2026-03-17,PRO018,84.7,57.0,170809,64.0,33.3
2026-03-17,PRO019,61.9,22.0,174480,86.2,48.4
2026-03-17,PRO020,79.0,22.7,39127,95.0,57.3
2026-03-17,PRO021,50.8,41.0,32647,90.2,68.6
2026-03-17,PRO022,60.4,61.9,152594,74.9,14.3
2026-03-17,PRO023,62.7,71.7,128024,63.5,85.9
2026-03-17,PRO024,96.3,39.2,156565,69.1,67.0
2026-03-17,PRO025,84.8,61.8,169981,63.8,58.0
2026-03-17,PRO026,56.1,37.5,77715,92.2,17.8
2026-03-17,PRO027,62.9,56.3,66221,98.0,81.5
2026-03-17,PRO028,56.4,50.8,117365,64.0,58.6
2026-03-17,PRO029,74.1,44.1,82058,98.1,15.7
2026-03-17,PRO030,55.2,49.8,79176,93.0,42.3
2026-03-17,PRO031,59.9,65.4,160389,95.5,45.9
2026-03-17,PRO032,82.5,68.1,50145,71.9,58.0
2026-03-17,PRO033,61.6,73.6,68462,83.1,63.8
2026-03-17,PRO034,57.4,30.5,141187,82.6,87.5
2026-03-17,PRO035,52.7,40.7,119089,63.8,67.9
2026-03-17,PRO036,95.4,57.3,49283,87.5,18.6
2026-03-18,PRO001,83.9,81.8,96652,94.6,66.5
2026-03-18,PRO002,67.2,59.0,145113,93.2,74.9
2026-03-18,PRO003,64.2,58.3,94747,83.1,80.5
2026-03-18,PRO004,57.0,26.1,58143,77.5,33.9
2026-03-18,PRO005,75.2,35.8,48864,65.8,78.0
2026-03-18,PRO006,91.9,34.4,137437,82.5,9.8
2026-03-18,PRO007,54.6,49.8,71179,79.1,27.9
2026-03-18,PRO008,43.0,72.1,90260,78.9,12.5
2026-03-18,PRO009,77.1,77.3,71527,78.6,64.4
2026-03-18,PRO010,75.3,66.2,55463,90.4,37.0
2026-03-18,PRO011,89.2,20.9,116486,74.5,56.8
2026-03-18,PRO012,48.1,78.4,138692,89.8,70.8
2026-03-18,PRO013,41.3,63.8,136950,86.1,84.3
2026-03-18,PRO014,50.4,24.7,24273,64.8,64.9
2026-03-18,PRO015,55.4,65.2,84382,83.6,36.5
2026-03-18,PRO016,71.5,82.6,85545,89.5,80.3
2026-03-18,PRO017,70.1,27.4,171259,67.1,70.2
2026-03-18,PRO018,65.1,76.9,2632,69.0,26.6
2026-03-18,PRO019,64.9,78.1,140813,82.9,52.4
2026-03-18,PRO020,71.8,49.0,152700,92.3,8.1
2026-03-18,PRO021,65.4,44.1,133117,69.3,91.4
2026-03-18,PRO022,79.4,21.2,166172,74.4,67.0
2026-03-18,PRO023,64.7,83.7,57741,93.8,15.2
2026-03-18,PRO024,82.8,35.0,98931,73.1,50.9
2026-03-18,PRO025,59.4,75.0,23226,90.2,27.1
2026-03-18,PRO026,43.3,71.1,164367,71.3,48.2
2026-03-18,PRO027,48.6,58.5,24937,88.1,74.8
2026-03-18,PRO028,50.9,43.4,177651,94.6,91.7
2026-03-18,PRO029,56.4,21.4,33541,83.5,90.0
2026-03-18,PRO030,41.0,77.1,13590,90.8,25.1
2026-03-18,PRO031,50.4,64.2,97263,66.9,23.5
2026-03-18,PRO032,56.2,56.0,136881,85.7,15.9
2026-03-18,PRO033,57.7,56.9,174978,95.2,52.8
2026-03-18,PRO034,54.8,68.1,121596,74.0,10.2
2026-03-18,PRO035,83.3,70.0,20698,78.3,22.4
2026-03-18,PRO036,50.2,36.4,100059,98.9,31.7
2026-03-19,PRO001,42.4,62.9,50573,97.1,37.0
2026-03-19,PRO002,59.7,57.2,182923,87.4,34.7
2026-03-19,PRO003,90.9,43.8,126970,63.9,18.8
2026-03-19,PRO004,86.0,33.4,67309,73.1,77.4
2026-03-19,PRO005,89.9,45.3,36453,93.8,72.3
2026-03-19,PRO006,90.1,47.5,28118,63.4,70.3
2026-03-19,PRO007,45.7,57.4,2055,93.4,59.7
2026-03-19,PRO008,88.3,74.1,135369,95.4,86.0
2026-03-19,PRO009,47.2,59.2,49183,90.5,38.4
2026-03-19,PRO010,46.3,63.8,59527,64.7,89.3
2026-03-19,PRO011,61.0,27.2,106814,81.9,29.9
2026-03-19,PRO012,53.1,77.0,99403,94.3,58.9
2026-03-19,PRO013,94.0,36.7,184652,71.5,78.4
2026-03-19,PRO014,52.6,55.5,51335,83.2,41.5
2026-03-19,PRO015,53.3,56.5,32216,86.6,30.4
2026-03-19,PRO016,95.8,35.2,76905,89.1,43.1
2026-03-19,PRO017,43.0,58.1,48258,77.0,43.0
2026-03-19,PRO018,80.1,58.8,83779,95.9,69.2
2026-03-19,PRO019,47.6,44.9,124629,73.2,56.1
2026-03-19,PRO020,68.6,74.5,175703,94.3,38.4
2026-03-19,PRO021,66.9,39.8,53959,64.9,75.3
2026-03-19,PRO022,72.0,34.6,99250,73.0,93.0
2026-03-19,PRO023,62.7,23.8,72019,83.1,57.9
2026-03-19,PRO024,75.6,72.1,21879,81.3,58.2
2026-03-19,PRO025,90.8,74.9,137945,70.8,79.1
2026-03-19,PRO026,55.1,66.4,109791,87.1,79.5
2026-03-19,PRO027,71.5,50.9,178942,78.3,37.0
2026-03-19,PRO028,95.3,61.3,108425,77.2,69.2
2026-03-19,PRO029,57.6,35.9,172107,75.7,49.7
2026-03-19,PRO030,79.8,37.6,16902,88.2,80.3
2026-03-19,PRO031,84.6,32.6,111970,83.2,12.1
2026-03-19,PRO032,68.4,83.1,9632,82.2,76.5
2026-03-19,PRO033,43.3,38.0,179447,75.9,88.0
2026-03-19,PRO034,68.8,34.5,65575,68.2,19.7
2026-03-19,PRO035,82.7,55.3,19032,64.9,63.1
2026-03-19,PRO036,56.7,82.5,93641,87.2,36.3
2026-03-20,PRO001,64.0,75.8,148205,79.0,53.6
2026-03-20,PRO002,72.9,32.6,69054,87.0,85.2
2026-03-20,PRO003,45.6,45.2,178320,78.4,78.3
2026-03-20,PRO004,92.2,63.4,37748,79.0,78.6
2026-03-20,PRO005,63.1,69.1,20066,95.5,42.7
2026-03-20,PRO006,75.0,79.1,166655,87.3,18.8
2026-03-20,PRO007,59.5,30.0,141432,65.0,55.0
2026-03-20,PRO008,92.2,75.1,137704,71.6,76.0
2026-03-20,PRO009,61.4,49.9,107200,89.6,57.3
2026-03-20,PRO010,95.1,25.7,60334,62.7,14.6
2026-03-20,PRO011,95.7,51.7,30001,68.9,19.1
2026-03-20,PRO012,57.6,80.2,89594,71.4,30.2
2026-03-20,PRO013,76.2,41.6,40304,88.7,92.7
2026-03-20,PRO014,52.5,56.2,133535,80.3,14.8
2026-03-20,PRO015,96.8,49.7,95693,93.3,28.4
2026-03-20,PRO016,46.8,35.4,44726,69.9,12.5
2026-03-20,PRO017,48.8,57.7,74807,64.2,86.1
2026-03-20,PRO018,51.7,39.8,24022,75.6,65.1
2026-03-20,PRO019,50.1,47.6,12011,85.3,55.2
2026-03-20,PRO020,57.0,70.8,173330,62.9,52.5
2026-03-20,PRO021,40.9,66.8,17802,95.7,48.7
2026-03-20,PRO022,63.7,45.9,161008,84.9,29.1
2026-03-20,PRO023,84.8,73.7,144991,66.3,84.8
2026-03-20,PRO024,75.1,74.9,148300,62.9,46.8
2026-03-20,PRO025,56.6,54.1,60870,82.9,40.9
2026-03-20,PRO026,40.5,80.7,97892,75.6,74.6
2026-03-20,PRO027,74.0,49.1,134040,62.6,9.4
2026-03-20,PRO028,58.7,57.3,5956,82.2,38.1
2026-03-20,PRO029,63.9,60.2,155341,87.6,11.2
2026-03-20,PRO030,88.6,31.7,158524,95.8,15.2
2026-03-20,PRO031,60.5,29.5,52779,95.3,41.9
2026-03-20,PRO032,81.1,34.6,39482,74.2,31.9
2026-03-20,PRO033,57.2,28.8,108389,71.6,60.8
2026-03-20,PRO034,59.4,24.3,136700,68.3,83.7
2026-03-20,PRO035,46.0,79.4,122359,87.7,68.4
2026-03-20,PRO036,88.8,51.8,174414,86.9,90.7
2026-03-21,PRO001,77.9,38.5,59282,96.4,80.6
2026-03-21,PRO002,90.3,29.7,9604,80.5,57.1
2026-03-21,PRO003,93.4,64.5,125104,77.7,80.7
2026-03-21,PRO004,44.4,44.0,54215,79.3,86.4
2026-03-21,PRO005,65.0,57.3,124987,98.9,53.0
2026-03-21,PRO006,59.2,20.6,160520,71.4,42.2
2026-03-21,PRO007,50.8,59.9,78553,94.3,67.5
2026-03-21,PRO008,47.3,48.3,10541,81.7,65.8
2026-03-21,PRO009,49.9,24.3,65265,69.9,8.1
2026-03-21,PRO010,83.9,72.9,117502,79.3,56.9
2026-03-21,PRO011,45.9,43.8,111756,68.1,85.2
2026-03-21,PRO012,94.1,45.0,24207,93.1,52.2
2026-03-21,PRO013,83.1,26.5,46432,65.5,23.8
2026-03-21,PRO014,57.6,26.4,173339,82.3,37.1
2026-03-21,PRO015,63.0,68.7,96297,77.3,47.5
2026-03-21,PRO016,67.5,35.2,57471,82.8,20.7
2026-03-21,PRO017,93.9,20.7,147952,79.8,77.2
2026-03-21,PRO018,95.8,51.6,38717,95.8,30.1
2026-03-21,PRO019,63.8,74.6,179883,96.5,85.0
2026-03-21,PRO020,44.0,62.2,54453,65.0,33.3
2026-03-21,PRO021,67.8,23.7,149006,80.7,92.0
2026-03-21,PRO022,85.3,51.5,84689,94.5,9.5
2026-03-21,PRO023,76.3,42.1,118596,87.9,23.3
2026-03-21,PRO024,54.4,28.2,150685,73.7,24.2
2026-03-21,PRO025,87.8,56.4,78824,70.2,34.3
2026-03-21,PRO026,68.3,69.7,150765,72.8,62.0
2026-03-21,PRO027,88.0,77.8,112841,62.6,79.5
2026-03-21,PRO028,44.1,31.7,29820,63.9,36.3
2026-03-21,PRO029,81.9,70.6,45125,82.0,13.2
2026-03-21,PRO030,78.8,63.9,100743,88.1,80.0
2026-03-21,PRO031,51.6,41.5,35466,83.5,78.6
2026-03-21,PRO032,51.3,58.5,75312,66.6,15.3
2026-03-21,PRO033,49.4,36.8,99227,70.8,24.1
2026-03-21,PRO034,53.9,61.7,125385,64.4,11.7
2026-03-21,PRO035,95.7,56.7,31912,77.3,17.9
2026-03-21,PRO036,65.5,46.6,49065,85.5,89.3
2026-03-22,PRO001,66.7,58.3,26211,68.2,21.7
2026-03-22,PRO002,61.6,78.7,119250,69.6,18.0
2026-03-22,PRO003,80.9,28.9,22064,75.2,16.0
2026-03-22,PRO004,70.1,48.8,51682,82.2,53.9
2026-03-22,PRO005,74.4,61.5,93465,97.6,90.0
2026-03-22,PRO006,70.5,58.1,69605,87.0,81.2
2026-03-22,PRO007,46.0,73.3,76052,65.2,20.8
2026-03-22,PRO008,45.7,29.4,137515,74.8,65.7
2026-03-22,PRO009,88.1,18.1,172811,93.4,64.0
2026-03-22,PRO010,44.6,37.8,143522,85.4,93.8
2026-03-22,PRO011,86.6,76.4,18075,92.9,22.1
2026-03-22,PRO012,66.4,40.5,133129,85.2,17.7
2026-03-22,PRO013,63.6,19.2,9945,74.8,45.1
2026-03-22,PRO014,74.3,42.4,121061,93.0,14.1
2026-03-22,PRO015,43.4,62.6,138905,73.5,70.3
2026-03-22,PRO016,65.6,18.8,154397,90.0,71.8
2026-03-22,PRO017,87.3,64.6,163169,98.3,92.5
2026-03-22,PRO018,42.8,73.5,66680,62.8,42.8
2026-03-22,PRO019,78.0,83.6,180340,78.8,26.8
2026-03-22,PRO020,61.3,45.4,164838,98.7,36.2
2026-03-22,PRO021,95.4,45.4,64776,73.4,58.4
2026-03-22,PRO022,50.3,58.9,146354,66.6,19.5
2026-03-22,PRO023,90.8,81.5,29458,64.7,27.4
2026-03-22,PRO024,45.1,81.0,78007,89.0,22.9
2026-03-22,PRO025,48.0,79.8,146644,93.3,41.5
2026-03-22,PRO026,40.2,32.7,108537,68.7,14.3
2026-03-22,PRO027,56.8,61.4,110344,79.1,78.0
2026-03-22,PRO028,67.6,49.7,120551,89.0,26.2
2026-03-22,PRO029,75.3,60.4,178210,89.2,63.6
2026-03-22,PRO030,49.6,45.5,92068,94.3,67.5
2026-03-22,PRO031,60.6,65.7,56349,81.9,63.8
2026-03-22,PRO032,41.3,43.8,119145,79.7,42.6
2026-03-22,PRO033,68.5,61.9,117180,68.7,87.3
2026-03-22,PRO034,70.6,45.2,73139,62.2,62.5
2026-03-22,PRO035,82.0,56.0,154144,67.8,13.0
2026-03-22,PRO036,46.8,38.9,84317,65.6,50.3
2026-03-23,PRO001,86.4,36.2,109541,64.4,54.8
2026-03-23,PRO002,58.8,48.8,72434,77.5,50.0
2026-03-23,PRO003,53.5,19.9,20627,83.0,45.0
2026-03-23,PRO004,65.8,43.5,113184,77.1,48.7
2026-03-23,PRO005,51.0,80.9,168431,71.3,77.0
2026-03-23,PRO006,75.4,24.1,174954,66.3,73.9
2026-03-23,PRO007,96.4,44.4,11556,69.6,59.2
2026-03-23,PRO008,70.6,43.5,60493,63.8,35.3
2026-03-23,PRO009,74.8,71.3,107247,77.6,65.6
2026-03-23,PRO010,44.3,31.6,10442,84.7,32.5
2026-03-23,PRO011,62.8,47.7,97758,73.4,15.5
2026-03-23,PRO012,47.5,35.9,22802,91.9,77.4
2026-03-23,PRO013,94.3,41.5,164926,82.2,14.1
2026-03-23,PRO014,49.1,77.2,136113,91.0,43.1
2026-03-23,PRO015,84.0,65.1,150586,98.9,42.7
2026-03-23,PRO016,57.6,73.2,161595,82.2,55.5
2026-03-23,PRO017,64.9,71.8,59188,73.1,88.2
2026-03-23,PRO018,56.8,63.7,114809,87.3,81.8
2026-03-23,PRO019,84.2,22.1,128081,93.4,66.4
2026-03-23,PRO020,56.0,54.4,85756,74.3,52.6
2026-03-23,PRO021,48.3,43.3,111690,98.5,56.9
2026-03-23,PRO022,74.4,48.0,35494,69.0,11.0
2026-03-23,PRO023,46.6,55.7,164710,65.3,42.8
2026-03-23,PRO024,55.4,71.3,74803,88.7,62.1
2026-03-23,PRO025,50.8,32.2,74051,93.0,19.9
2026-03-23,PRO026,55.2,38.6,177588,76.0,13.2
2026-03-23,PRO027,43.9,19.4,63721,96.4,13.9
2026-03-23,PRO028,43.8,26.5,58109,72.8,34.0
2026-03-23,PRO029,55.4,19.9,123119,88.8,26.0
2026-03-23,PRO030,76.4,34.8,161668,98.7,93.6
2026-03-23,PRO031,82.9,57.9,118612,87.5,84.7
2026-03-23,PRO032,41.4,22.4,5507,92.4,90.8
2026-03-23,PRO033,76.7,55.5,112441,85.5,66.5
2026-03-23,PRO034,75.0,37.5,74036,78.5,88.1
2026-03-23,PRO035,57.4,63.5,106341,88.3,8.6
2026-03-23,PRO036,76.8,73.3,117706,90.7,84.0
2026-03-24,PRO001,84.3,41.2,174293,80.3,58.2
2026-03-24,PRO002,92.6,39.3,52881,69.2,86.4
2026-03-24,PRO003,58.2,63.1,119164,70.2,73.7
2026-03-24,PRO004,41.3,80.1,166715,98.0,88.0
2026-03-24,PRO005,50.2,47.0,133235,67.0,54.4
2026-03-24,PRO006,58.7,21.3,182326,77.5,84.0
2026-03-24,PRO007,51.7,40.9,169353,85.2,9.7
2026-03-24,PRO008,83.5,36.8,130304,83.1,9.8
2026-03-24,PRO009,51.3,26.7,184355,81.5,82.2
2026-03-24,PRO010,91.4,64.2,21698,74.8,20.2
2026-03-24,PRO011,61.3,27.8,126859,96.7,57.3
2026-03-24,PRO012,50.9,56.0,96700,90.6,43.3
2026-03-24,PRO013,85.6,73.7,22367,83.2,59.8
2026-03-24,PRO014,89.3,37.8,74312,87.9,89.6
2026-03-24,PRO015,59.8,47.1,130178,71.9,18.4
2026-03-24,PRO016,92.5,18.6,26342,95.1,15.3
2026-03-24,PRO017,72.7,56.4,65521,63.4,9.8
2026-03-24,PRO018,78.2,67.4,34692,63.2,34.6
2026-03-24,PRO019,53.1,57.7,7693,84.5,41.5
2026-03-24,PRO020,47.5,50.7,3300,86.8,84.5
2026-03-24,PRO021,68.3,66.3,36883,80.1,32.4
2026-03-24,PRO022,56.4,20.6,57343,98.4,14.9
2026-03-24,PRO023,48.8,44.9,139746,75.1,35.8
2026-03-24,PRO024,46.2,81.3,5973,97.1,24.1
2026-03-24,PRO025,52.5,25.9,104161,71.5,39.7
2026-03-24,PRO026,91.6,35.3,160779,87.9,84.0
2026-03-24,PRO027,74.0,35.1,8700,71.4,48.6
2026-03-24,PRO028,90.6,49.6,104478,68.5,19.1
2026-03-24,PRO029,90.7,53.9,115428,91.6,48.2
2026-03-24,PRO030,67.5,38.3,71126,97.7,52.9
2026-03-24,PRO031,80.1,22.3,73264,90.2,91.6
2026-03-24,PRO032,45.1,35.5,22741,72.4,84.0
2026-03-24,PRO033,84.3,32.0,25110,63.2,42.0
2026-03-24,PRO034,89.4,43.4,23410,90.6,80.2
2026-03-24,PRO035,41.9,75.3,8334,97.9,73.0
2026-03-24,PRO036,54.3,67.8,163512,94.7,41.2
2026-03-25,PRO001,52.0,73.2,70398,77.9,73.4
2026-03-25,PRO002,64.7,68.3,153241,76.1,29.3
2026-03-25,PRO003,58.5,54.5,137416,84.4,84.1
2026-03-25,PRO004,54.6,40.6,11501,97.3,45.2
2026-03-25,PRO005,74.5,35.8,36847,62.3,88.3
2026-03-25,PRO006,65.2,41.4,4611,65.8,39.0
2026-03-25,PRO007,52.4,30.2,106499,90.5,20.8
2026-03-25,PRO008,78.0,50.8,134857,73.0,26.4
2026-03-25,PRO009,73.2,81.4,112130,80.9,12.7
2026-03-25,PRO010,72.0,22.7,91707,75.1,46.1
2026-03-25,PRO011,41.8,73.8,69224,76.4,34.6
2026-03-25,PRO012,43.0,37.6,127804,81.9,60.5
2026-03-25,PRO013,66.1,58.4,10305,74.6,61.6
2026-03-25,PRO014,55.8,20.8,170470,88.5,61.5
2026-03-25,PRO015,41.5,18.8,172636,82.3,63.8
2026-03-25,PRO016,77.6,60.4,88640,79.3,77.8
2026-03-25,PRO017,74.8,71.1,56352,67.1,42.9
2026-03-25,PRO018,47.0,26.3,96591,63.6,14.3
2026-03-25,PRO019,83.1,72.4,40956,70.3,67.4
2026-03-25,PRO020,93.7,60.8,82718,95.4,17.4
2026-03-25,PRO021,67.9,50.5,88954,98.8,68.3
2026-03-25,PRO022,94.2,39.6,32476,94.3,61.8
2026-03-25,PRO023,64.4,71.5,183854,63.8,30.4
2026-03-25,PRO024,89.0,19.1,146615,78.8,88.5
2026-03-25,PRO025,56.9,57.9,146075,88.1,26.9
2026-03-25,PRO026,78.6,21.1,109077,85.3,50.6
2026-03-25,PRO027,62.6,78.1,156682,65.8,29.4
2026-03-25,PRO028,94.4,41.8,137906,92.8,48.3
2026-03-25,PRO029,72.7,30.4,165308,84.0,15.7
2026-03-25,PRO030,52.7,35.0,60711,78.8,16.4
2026-03-25,PRO031,50.6,74.6,70713,96.4,71.5
2026-03-25,PRO032,72.5,69.4,63160,83.9,41.3
2026-03-25,PRO033,54.6,71.3,7138,90.5,73.3
2026-03-25,PRO034,74.3,19.9,129578,83.7,20.3
2026-03-25,PRO035,78.8,35.4,6083,70.3,40.2
2026-03-25,PRO036,85.0,30.4,96954,78.7,59.7
2026-03-26,PRO001,92.5,27.6,55905,93.3,77.8
2026-03-26,PRO002,59.2,20.7,2486,85.9,47.5
2026-03-26,PRO003,61.5,82.5,169856,94.9,19.0
2026-03-26,PRO004,91.2,28.8,100136,83.2,11.9
2026-03-26,PRO005,54.7,18.6,134207,81.1,90.1
2026-03-26,PRO006,79.5,81.7,99300,72.3,31.1
2026-03-26,PRO007,87.7,53.8,107511,77.6,79.5
2026-03-26,PRO008,67.5,39.9,140143,79.0,81.2
2026-03-26,PRO009,41.8,31.1,8325,80.7,68.7
2026-03-26,PRO010,62.4,74.1,52028,96.8,80.4
2026-03-26,PRO011,81.3,73.3,85093,93.1,19.6
2026-03-26,PRO012,66.0,54.4,81181,74.4,49.0
2026-03-26,PRO013,43.2,80.2,44817,90.0,53.7
2026-03-26,PRO014,85.9,78.7,68055,94.2,72.8
2026-03-26,PRO015,44.8,33.0,110693,84.0,74.7
2026-03-26,PRO016,75.8,45.6,21884,68.6,62.9
2026-03-26,PRO017,93.1,73.6,74657,96.3,47.8
2026-03-26,PRO018,84.3,45.8,108028,78.8,23.8
2026-03-26,PRO019,82.0,70.4,170532,67.7,33.2
2026-03-26,PRO020,75.1,74.0,106268,90.4,16.3
2026-03-26,PRO021,72.2,53.8,63068,80.8,46.8
2026-03-26,PRO022,72.8,43.5,98728,82.5,91.6
2026-03-26,PRO023,93.0,50.9,171089,71.4,58.5
2026-03-26,PRO024,50.4,68.9,111585,77.3,63.9
2026-03-26,PRO025,82.8,55.6,183423,68.3,91.7
2026-03-26,PRO026,77.4,50.3,50219,82.2,40.3
2026-03-26,PRO027,77.6,38.7,139764,98.0,90.1
2026-03-26,PRO028,59.6,29.2,178499,70.6,85.3
2026-03-26,PRO029,58.0,21.6,137771,66.8,65.0
2026-03-26,PRO030,50.5,42.1,91590,64.6,70.6
2026-03-26,PRO031,55.6,63.9,183105,66.0,51.6
2026-03-26,PRO032,85.9,19.1,64384,66.8,60.1
2026-03-26,PRO033,73.9,36.0,177147,86.2,92.1
2026-03-26,PRO034,70.5,19.4,119022,90.5,48.7
2026-03-26,PRO035,54.6,80.5,113896,83.1,15.5
2026-03-26,PRO036,72.4,73.8,25566,94.7,72.4
2026-03-27,PRO001,54.4,32.9,91842,62.2,22.3
2026-03-27,PRO002,51.8,35.6,78059,82.7,29.1
2026-03-27,PRO003,59.8,38.7,169742,88.1,16.5
2026-03-27,PRO004,84.4,83.1,68123,96.7,57.4
2026-03-27,PRO005,81.6,64.5,181974,76.7,12.2
2026-03-27,PRO006,89.9,35.2,115833,66.5,92.1
2026-03-27,PRO007,61.2,75.8,78030,91.4,83.9
2026-03-27,PRO008,48.1,66.3,31844,92.7,28.3
2026-03-27,PRO009,86.3,53.8,20549,92.5,41.5
2026-03-27,PRO010,68.9,57.9,67919,88.9,27.4
2026-03-27,PRO011,64.7,56.8,179914,67.6,52.1
2026-03-27,PRO012,68.1,80.0,86575,76.4,82.0
2026-03-27,PRO013,45.3,18.4,26944,91.7,82.2
2026-03-27,PRO014,84.2,57.0,171963,83.8,22.3
2026-03-27,PRO015,59.2,18.9,127802,82.3,24.0
2026-03-27,PRO016,59.5,73.6,166748,64.6,15.7
2026-03-27,PRO017,59.9,53.6,105807,76.4,83.7
2026-03-27,PRO018,51.3,52.4,182779,73.0,91.4
2026-03-27,PRO019,64.2,58.9,59797,94.8,56.5
2026-03-27,PRO020,67.2,24.2,30122,65.4,47.1
2026-03-27,PRO021,45.6,37.5,94508,62.5,77.1
2026-03-27,PRO022,81.0,32.2,155027,64.2,51.0
2026-03-27,PRO023,49.6,62.2,40358,75.3,70.7
2026-03-27,PRO024,94.0,36.9,23732,71.9,21.2
2026-03-27,PRO025,88.1,29.3,29722,62.0,34.1
2026-03-27,PRO026,78.5,25.7,159793,92.3,55.7
2026-03-27,PRO027,50.7,23.1,14242,81.2,62.3
2026-03-27,PRO028,40.6,49.7,121077,85.5,11.5
2026-03-27,PRO029,84.2,38.5,121500,92.4,82.7
2026-03-27,PRO030,61.4,59.8,94380,79.6,14.9
2026-03-27,PRO031,73.3,69.3,184993,98.5,23.5
2026-03-27,PRO032,89.6,51.9,153141,74.5,88.5
2026-03-27,PRO033,93.9,33.9,2588,77.3,73.4
2026-03-27,PRO034,79.8,56.8,57617,89.4,15.1
2026-03-27,PRO035,81.2,48.0,126232,89.0,38.6
2026-03-27,PRO036,56.1,23.7,171269,73.9,56.6
2026-03-28,PRO001,51.0,26.9,164160,68.0,84.4
2026-03-28,PRO002,67.0,80.4,160010,75.5,23.3
2026-03-28,PRO003,88.1,63.7,109428,66.4,8.2
2026-03-28,PRO004,60.3,76.9,108913,92.6,68.6
2026-03-28,PRO005,57.6,76.8,107730,74.7,43.6
2026-03-28,PRO006,70.8,30.2,149430,92.5,92.7
2026-03-28,PRO007,49.6,77.1,116787,70.6,22.0
2026-03-28,PRO008,47.3,40.3,153458,88.5,40.5
2026-03-28,PRO009,52.9,81.5,63199,67.3,13.2
2026-03-28,PRO010,81.7,81.8,11675,85.5,78.5
2026-03-28,PRO011,61.4,53.4,114548,65.5,19.3
2026-03-28,PRO012,82.3,55.9,170731,66.7,21.5
2026-03-28,PRO013,54.5,29.2,161602,81.7,44.7
2026-03-28,PRO014,51.8,82.9,2993,94.6,41.6
2026-03-28,PRO015,73.4,56.1,78126,91.6,58.5
2026-03-28,PRO016,57.7,76.3,51423,62.4,87.6
2026-03-28,PRO017,74.7,79.8,156924,85.8,76.3
2026-03-28,PRO018,88.7,27.3,83094,88.2,46.0
2026-03-28,PRO019,54.1,26.0,138382,89.3,47.7
2026-03-28,PRO020,84.4,63.4,146423,80.3,63.8
2026-03-28,PRO021,82.7,60.3,89132,76.5,26.4
2026-03-28,PRO022,80.4,48.0,45365,90.8,56.2
2026-03-28,PRO023,72.9,61.2,164871,75.2,44.4
2026-03-28,PRO024,61.8,62.8,87882,69.2,9.1
2026-03-28,PRO025,58.2,21.7,128006,80.3,82.9
2026-03-28,PRO026,73.4,37.2,37984,97.7,59.2
2026-03-28,PRO027,64.0,45.7,162936,69.4,20.0
2026-03-28,PRO028,69.4,73.8,17816,94.2,92.5
2026-03-28,PRO029,78.3,22.6,81514,69.1,8.8
2026-03-28,PRO030,62.5,75.5,116267,92.0,40.7
2026-03-28,PRO031,80.3,69.3,159308,66.3,65.9
2026-03-28,PRO032,45.5,45.0,47869,63.7,61.6
2026-03-28,PRO033,55.1,26.9,14301,69.4,86.6
2026-03-28,PRO034,87.1,28.2,77148,80.2,70.9
2026-03-28,PRO035,88.0,58.6,128677,95.5,66.8
2026-03-28,PRO036,82.7,80.5,48434,81.7,73.5
2026-03-29,PRO001,64.4,29.0,170057,92.7,71.6
2026-03-29,PRO002,60.5,51.0,139698,74.5,86.7
2026-03-29,PRO003,82.2,28.1,9893,91.9,35.2
2026-03-29,PRO004,62.2,30.9,79162,96.2,34.3
2026-03-29,PRO005,56.4,72.5,86119,70.3,22.7
2026-03-29,PRO006,86.8,67.5,150218,67.1,10.7
2026-03-29,PRO007,58.6,64.0,89465,82.5,85.6
2026-03-29,PRO008,41.8,39.0,169853,82.2,34.7
2026-03-29,PRO009,88.0,44.1,132079,67.6,26.5
2026-03-29,PRO010,91.5,59.2,165794,90.5,10.7
2026-03-29,PRO011,79.3,30.6,60610,97.0,84.7
2026-03-29,PRO012,92.2,60.4,38560,76.4,18.3
2026-03-29,PRO013,67.0,64.9,139547,93.5,60.4
2026-03-29,PRO014,62.8,54.7,3241,95.7,34.6
2026-03-29,PRO015,55.2,59.7,58333,67.6,62.1
2026-03-29,PRO016,53.9,27.4,112301,63.2,20.7
2026-03-29,PRO017,62.1,73.1,95252,92.5,62.4
2026-03-29,PRO018,43.2,43.1,149346,93.2,14.7
2026-03-29,PRO019,78.7,63.6,55178,68.2,84.3
2026-03-29,PRO020,49.0,29.3,132008,84.5,20.7
2026-03-29,PRO021,84.6,47.5,37818,84.0,36.0
2026-03-29,PRO022,56.3,50.4,62119,85.8,92.1
2026-03-29,PRO023,48.7,24.0,93728,67.8,31.9
2026-03-29,PRO024,81.5,32.2,96310,71.2,10.6
2026-03-29,PRO025,80.9,26.1,8399,91.6,41.4
2026-03-29,PRO026,49.6,43.5,14566,70.1,62.1
2026-03-29,PRO027,75.0,58.2,30512,85.4,89.5
2026-03-29,PRO028,45.0,63.3,100574,85.0,56.7
2026-03-29,PRO029,96.5,83.4,35129,68.8,31.0
2026-03-29,PRO030,66.4,64.9,37499,62.6,14.0
2026-03-29,PRO031,91.2,66.8,76583,86.0,24.9
2026-03-29,PRO032,96.3,18.7,70216,79.8,55.7
2026-03-29,PRO033,69.1,47.0,177137,73.6,25.6
2026-03-29,PRO034,71.9,31.9,6094,76.3,33.2
2026-03-29,PRO035,78.3,43.1,168226,80.2,84.7
2026-03-29,PRO036,62.8,53.8,66678,75.3,31.8
2026-03-30,PRO001,93.4,74.6,150114,65.7,30.5
2026-03-30,PRO002,74.5,33.0,14309,93.8,36.2
2026-03-30,PRO003,96.2,24.1,94260,83.0,80.9
2026-03-30,PRO004,94.0,21.6,58313,89.8,35.9
2026-03-30,PRO005,75.6,55.6,116372,79.1,57.3
2026-03-30,PRO006,53.0,59.7,43870,95.0,57.7
2026-03-30,PRO007,73.9,70.5,153796,77.0,54.3
2026-03-30,PRO008,56.8,72.7,109363,81.4,17.7
2026-03-30,PRO009,45.2,49.1,54566,87.3,39.6
2026-03-30,PRO010,72.9,39.5,178750,91.0,38.5
2026-03-30,PRO011,63.9,79.4,148923,63.2,76.0
2026-03-30,PRO012,84.0,58.6,154054,74.2,66.5
2026-03-30,PRO013,72.9,19.3,116448,74.5,51.0
2026-03-30,PRO014,76.2,65.5,97041,93.9,79.2
2026-03-30,PRO015,86.2,48.4,58564,66.9,38.5
2026-03-30,PRO016,88.1,81.6,34228,71.6,58.5
2026-03-30,PRO017,64.4,55.1,27002,91.4,53.3
2026-03-30,PRO018,96.3,71.1,98735,66.4,79.0
2026-03-30,PRO019,68.2,36.0,106381,88.1,49.4
2026-03-30,PRO020,54.4,64.7,158302,64.5,93.0
2026-03-30,PRO021,58.4,31.2,26938,88.6,57.6
2026-03-30,PRO022,70.4,66.2,111332,94.0,26.2
2026-03-30,PRO023,59.7,70.4,179795,68.9,86.1
2026-03-30,PRO024,90.8,57.9,70799,85.4,27.3
2026-03-30,PRO025,75.4,59.4,39888,63.6,54.6
2026-03-30,PRO026,85.9,19.4,122577,68.1,73.7
2026-03-30,PRO027,61.3,79.3,68563,70.1,84.0
2026-03-30,PRO028,83.2,44.7,145029,82.0,50.4
2026-03-30,PRO029,59.5,62.2,21292,74.6,38.4
2026-03-30,PRO030,89.8,71.6,39454,63.7,75.5
2026-03-30,PRO031,72.4,58.3,21992,82.0,19.6
2026-03-30,PRO032,71.2,75.1,115760,96.6,45.9
2026-03-30,PRO033,70.7,48.0,94907,83.6,38.4
2026-03-30,PRO034,42.4,68.1,132727,90.1,83.7
2026-03-30,PRO035,67.8,57.0,70453,87.1,85.0
2026-03-30,PRO036,82.1,48.8,122473,62.3,71.5
2026-03-31,PRO001,43.8,47.0,44732,88.2,10.7
2026-03-31,PRO002,83.6,51.9,157771,84.9,60.2
2026-03-31,PRO003,82.1,34.2,83443,77.1,44.0
2026-03-31,PRO004,52.4,74.4,86828,91.5,93.3
2026-03-31,PRO005,43.6,65.4,157481,79.2,63.0
2026-03-31,PRO006,68.8,76.9,51367,67.7,91.3
2026-03-31,PRO007,81.7,51.6,17475,69.6,57.8
2026-03-31,PRO008,85.6,36.4,72136,68.2,54.4
2026-03-31,PRO009,73.3,41.1,143796,80.0,47.5
2026-03-31,PRO010,68.4,26.6,20414,85.6,87.2
2026-03-31,PRO011,60.6,35.0,36039,65.0,49.7
2026-03-31,PRO012,52.0,52.3,104876,65.9,92.7
2026-03-31,PRO013,52.5,59.0,56938,82.3,70.0
2026-03-31,PRO014,73.7,76.2,82643,69.5,40.4
2026-03-31,PRO015,67.8,65.0,46522,83.4,26.8
2026-03-31,PRO016,59.6,24.9,182436,89.7,53.5
2026-03-31,PRO017,78.6,50.4,28734,78.5,47.2
2026-03-31,PRO018,76.5,72.8,81246,65.7,42.3
2026-03-31,PRO019,61.2,63.7,76724,92.6,17.2
2026-03-31,PRO020,91.8,70.7,137918,89.7,46.3
2026-03-31,PRO021,74.5,58.4,85136,98.4,75.6
2026-03-31,PRO022,49.3,22.5,141959,93.8,53.1
2026-03-31,PRO023,65.9,71.2,28245,94.9,22.7
2026-03-31,PRO024,83.1,60.9,177808,95.3,30.1
2026-03-31,PRO025,49.7,64.5,67155,98.0,45.0
2026-03-31,PRO026,50.2,59.1,121273,74.8,46.6
2026-03-31,PRO027,46.4,77.1,137808,93.4,61.3
2026-03-31,PRO028,67.8,24.7,22925,67.7,47.5
2026-03-31,PRO029,48.8,28.5,95133,71.4,44.1
2026-03-31,PRO030,67.3,69.7,121117,62.0,50.6
2026-03-31,PRO031,56.3,39.1,42577,73.5,55.4
2026-03-31,PRO032,49.6,80.0,124858,76.6,81.9
2026-03-31,PRO033,73.6,27.2,44919,67.1,35.7
2026-03-31,PRO034,81.9,25.5,160710,91.0,58.5
2026-03-31,PRO035,47.5,77.6,70523,74.0,29.6
2026-03-31,PRO036,52.2,23.6,48711,86.4,82.3
2026-04-01,PRO001,51.0,56.8,31104,90.7,46.8
2026-04-01,PRO002,50.8,36.3,73299,82.3,66.8
2026-04-01,PRO003,43.1,59.4,178723,94.6,69.0
2026-04-01,PRO004,85.0,51.4,150762,85.9,32.7
2026-04-01,PRO005,47.2,75.4,91085,74.6,81.8
2026-04-01,PRO006,88.1,24.4,8495,96.2,82.1
2026-04-01,PRO007,85.9,43.8,69029,79.6,31.1
2026-04-01,PRO008,56.9,67.7,84652,87.3,52.1
2026-04-01,PRO009,86.9,83.0,57515,64.5,17.5
2026-04-01,PRO010,62.1,47.9,134715,95.7,52.0
2026-04-01,PRO011,68.9,46.0,25990,76.6,53.9
2026-04-01,PRO012,84.3,77.1,173118,82.0,15.9
2026-04-01,PRO013,92.9,55.9,102906,80.2,17.6
2026-04-01,PRO014,56.3,80.1,14053,89.1,38.4
2026-04-01,PRO015,82.7,29.7,52476,89.3,87.9
2026-04-01,PRO016,57.3,74.9,3270,88.3,16.0
2026-04-01,PRO017,74.3,28.2,104341,79.4,51.2
2026-04-01,PRO018,82.1,45.2,182884,88.9,25.6
2026-04-01,PRO019,48.9,68.5,53871,73.7,56.2
2026-04-01,PRO020,79.7,49.2,7649,64.9,75.8
2026-04-01,PRO021,79.3,36.9,52471,91.2,40.9
2026-04-01,PRO022,68.0,70.2,90112,71.8,71.0
2026-04-01,PRO023,43.5,37.8,20307,97.2,29.4
2026-04-01,PRO024,47.9,60.5,114252,65.3,52.1
2026-04-01,PRO025,71.7,60.9,110738,78.9,41.4
2026-04-01,PRO026,77.1,72.1,147581,97.1,61.6
2026-04-01,PRO027,49.6,62.7,118176,91.1,85.4
2026-04-01,PRO028,69.6,55.2,36954,92.8,73.4
2026-04-01,PRO029,72.1,30.9,75808,62.9,41.0
2026-04-01,PRO030,40.3,57.4,120961,86.6,83.2
2026-04-01,PRO031,61.0,61.2,98419,86.3,58.2
2026-04-01,PRO032,73.3,73.2,144332,86.0,81.1
2026-04-01,PRO033,67.9,74.6,51162,79.2,32.0
2026-04-01,PRO034,69.9,23.4,58417,69.2,22.7
2026-04-01,PRO035,43.8,38.5,39616,86.7,91.6
2026-04-01,PRO036,51.9,75.8,58708,69.6,72.3
2026-04-02,PRO001,61.5,52.0,161218,80.0,72.2
2026-04-02,PRO002,40.4,79.5,107373,78.0,54.5
2026-04-02,PRO003,79.3,30.1,92972,77.7,9.8
2026-04-02,PRO004,63.0,20.2,60616,66.1,81.9
2026-04-02,PRO005,74.7,28.0,110338,74.0,80.8
2026-04-02,PRO006,43.5,39.3,12288,79.0,72.6
2026-04-02,PRO007,54.2,63.2,56436,86.9,12.3
2026-04-02,PRO008,87.9,35.7,160515,81.4,83.9
2026-04-02,PRO009,49.9,46.0,169683,76.2,79.6
2026-04-02,PRO010,91.3,60.3,48159,62.6,19.1
2026-04-02,PRO011,46.1,60.1,17441,71.2,58.3
2026-04-02,PRO012,40.5,40.3,172556,74.8,11.8
2026-04-02,PRO013,66.6,24.6,91086,70.7,63.4
2026-04-02,PRO014,75.7,30.5,60654,65.8,76.5
2026-04-02,PRO015,58.5,81.7,51897,82.4,62.3
2026-04-02,PRO016,57.7,71.0,140610,96.2,33.3
2026-04-02,PRO017,42.8,21.1,4100,94.6,82.2
2026-04-02,PRO018,95.2,37.6,107992,89.4,48.8
2026-04-02,PRO019,54.5,77.9,127331,62.9,29.8
2026-04-02,PRO020,79.1,40.2,146182,76.8,33.4
2026-04-02,PRO021,52.2,67.3,70183,73.2,19.8
2026-04-02,PRO022,79.1,48.6,16687,68.4,38.6
2026-04-02,PRO023,54.1,39.3,121409,73.6,60.0
2026-04-02,PRO024,73.6,26.5,39210,64.1,31.8
2026-04-02,PRO025,57.9,52.5,110584,86.1,38.5
2026-04-02,PRO026,44.5,48.5,155464,62.0,69.8
2026-04-02,PRO027,75.2,77.2,96129,64.2,76.1
2026-04-02,PRO028,62.3,43.1,44974,75.8,15.3
2026-04-02,PRO029,49.0,80.5,103891,86.0,12.6
2026-04-02,PRO030,57.2,49.9,98255,63.0,29.0
2026-04-02,PRO031,55.7,41.2,97716,82.5,28.2
2026-04-02,PRO032,71.2,29.1,131715,84.3,9.1
2026-04-02,PRO033,95.0,25.6,113410,62.8,83.3
2026-04-02,PRO034,66.5,69.2,137001,92.2,29.1
2026-04-02,PRO035,76.5,82.2,80516,86.8,41.3
2026-04-02,PRO036,45.6,30.0,99789,65.0,27.4
2026-04-03,PRO001,77.1,68.4,82323,64.6,11.2
2026-04-03,PRO002,78.9,42.9,25160,72.0,29.8
2026-04-03,PRO003,82.3,20.8,49324,92.3,91.4
2026-04-03,PRO004,59.2,25.8,17359,84.4,82.8
2026-04-03,PRO005,66.7,44.5,163608,86.6,17.3
2026-04-03,PRO006,72.0,73.7,4233,86.8,65.7
2026-04-03,PRO007,77.2,82.8,10822,92.8,17.8
2026-04-03,PRO008,81.0,65.8,123840,82.4,24.7
2026-04-03,PRO009,55.0,80.0,99064,72.2,61.1
2026-04-03,PRO010,85.9,26.0,51433,62.7,45.3
2026-04-03,PRO011,75.8,39.7,103389,63.2,11.7
2026-04-03,PRO012,59.5,68.9,100913,84.7,29.6
2026-04-03,PRO013,88.6,51.6,54811,93.8,27.3
2026-04-03,PRO014,91.6,80.1,110798,86.4,85.7
2026-04-03,PRO015,74.7,71.8,37936,94.8,24.6
2026-04-03,PRO016,73.1,49.6,38320,73.6,9.6
2026-04-03,PRO017,57.3,45.3,53640,86.8,51.2
2026-04-03,PRO018,45.9,43.7,85466,78.5,44.4
2026-04-03,PRO019,94.9,30.3,142646,98.7,85.6
2026-04-03,PRO020,79.2,26.7,154639,85.8,9.1
2026-04-03,PRO021,46.9,46.4,136747,73.8,57.7
2026-04-03,PRO022,45.7,53.1,63416,98.3,30.3
2026-04-03,PRO023,75.8,53.8,121461,73.8,14.6
2026-04-03,PRO024,66.5,80.0,43080,81.3,70.1
2026-04-03,PRO025,75.2,78.3,135644,88.1,21.8
2026-04-03,PRO026,51.3,33.6,12406,87.1,81.7
2026-04-03,PRO027,41.1,38.0,109194,96.4,46.4
2026-04-03,PRO028,57.6,42.1,90085,96.3,45.8
2026-04-03,PRO029,95.1,43.5,179187,83.0,68.6
2026-04-03,PRO030,87.6,57.5,57597,87.8,63.6
2026-04-03,PRO031,60.8,25.8,41524,84.4,37.2
2026-04-03,PRO032,52.3,49.2,65957,93.9,36.4
2026-04-03,PRO033,81.3,57.8,175299,92.0,71.7
2026-04-03,PRO034,80.8,56.3,119593,97.9,78.7
2026-04-03,PRO035,59.5,38.1,182329,66.6,14.1
2026-04-03,PRO036,73.5,20.9,8541,81.1,76.0
2026-04-04,PRO001,86.4,35.0,33537,95.0,62.6
2026-04-04,PRO002,96.0,70.0,118005,93.6,77.8
2026-04-04,PRO003,50.1,59.7,17435,65.5,40.9
2026-04-04,PRO004,91.3,49.0,139546,73.3,47.0
2026-04-04,PRO005,54.6,70.9,58882,93.7,32.5
2026-04-04,PRO006,48.7,51.0,159447,69.8,41.5
2026-04-04,PRO007,72.6,53.9,97625,83.8,53.7
2026-04-04,PRO008,71.7,65.1,79742,86.1,42.3
2026-04-04,PRO009,48.8,23.6,76889,93.5,53.4
2026-04-04,PRO010,82.3,41.7,174677,93.9,62.9
2026-04-04,PRO011,46.7,26.8,101191,98.7,89.9
2026-04-04,PRO012,70.7,72.1,56631,85.8,43.2
2026-04-04,PRO013,80.0,67.6,109794,69.3,31.0
2026-04-04,PRO014,86.2,41.0,164209,89.6,25.0
2026-04-04,PRO015,44.9,48.3,172068,92.1,60.9
2026-04-04,PRO016,76.7,68.9,65614,98.6,37.0
2026-04-04,PRO017,52.2,58.7,156109,74.7,59.7
2026-04-04,PRO018,88.7,81.2,59082,71.0,53.2
2026-04-04,PRO019,81.3,19.5,177836,75.6,48.5
2026-04-04,PRO020,62.9,63.6,136259,93.9,87.8
2026-04-04,PRO021,67.3,48.2,152882,72.5,45.5
2026-04-04,PRO022,84.5,62.7,81330,80.1,17.0
2026-04-04,PRO023,66.3,50.3,4837,83.0,62.5
2026-04-04,PRO024,40.6,61.2,137883,84.3,64.1
2026-04-04,PRO025,92.2,79.8,146389,71.4,41.5
2026-04-04,PRO026,90.0,30.9,152837,85.8,77.9
2026-04-04,PRO027,76.7,83.1,23071,71.4,23.4
2026-04-04,PRO028,88.7,59.8,169269,73.3,43.2
2026-04-04,PRO029,57.7,57.2,10005,92.4,91.5
2026-04-04,PRO030,40.9,82.1,61510,76.1,85.3
2026-04-04,PRO031,81.7,54.1,166542,90.7,69.3
2026-04-04,PRO032,64.4,40.5,58319,92.3,20.6
2026-04-04,PRO033,49.7,27.1,109038,85.7,34.6
2026-04-04,PRO034,69.8,20.4,124271,69.0,31.8
2026-04-04,PRO035,42.5,52.4,150907,91.2,15.4
2026-04-04,PRO036,84.3,82.6,24064,86.6,72.1
2026-04-05,PRO001,92.0,48.2,144459,80.6,90.5
2026-04-05,PRO002,64.6,31.1,116986,66.5,14.9
2026-04-05,PRO003,67.3,22.3,98499,78.5,86.3
2026-04-05,PRO004,81.4,29.0,19242,94.1,71.7
2026-04-05,PRO005,66.5,23.1,48528,80.1,53.6
2026-04-05,PRO006,43.3,18.7,149639,67.4,67.4
2026-04-05,PRO007,88.6,83.5,153777,78.4,72.3
2026-04-05,PRO008,70.9,55.2,80645,90.8,68.8
2026-04-05,PRO009,96.5,18.2,72642,72.9,22.9
2026-04-05,PRO010,46.1,29.2,66071,71.2,67.4
2026-04-05,PRO011,80.7,57.7,99671,86.4,19.9
2026-04-05,PRO012,85.6,80.6,29873,73.8,41.1
2026-04-05,PRO013,84.4,29.1,184793,64.1,22.7
2026-04-05,PRO014,83.9,32.7,38986,94.7,45.7
2026-04-05,PRO015,86.4,36.5,31090,72.2,79.8
2026-04-05,PRO016,72.0,68.5,27280,71.1,84.2
2026-04-05,PRO017,72.3,78.8,38982,72.9,22.5
2026-04-05,PRO018,69.2,65.3,130347,80.7,27.0
2026-04-05,PRO019,73.8,83.8,73243,85.6,85.2
2026-04-05,PRO020,50.9,46.1,46937,75.6,54.1
2026-04-05,PRO021,85.4,35.3,91968,89.1,76.4
2026-04-05,PRO022,67.9,30.7,113863,68.2,24.9
2026-04-05,PRO023,59.5,81.8,109444,72.5,53.9
2026-04-05,PRO024,61.6,73.8,50233,93.1,26.0
2026-04-05,PRO025,73.8,70.5,91698,67.3,67.7
2026-04-05,PRO026,87.1,62.2,169297,81.9,56.7
2026-04-05,PRO027,92.7,25.4,162462,93.5,79.3
2026-04-05,PRO028,52.0,19.1,116709,95.6,25.6
2026-04-05,PRO029,65.5,56.0,184389,80.4,28.0
2026-04-05,PRO030,50.0,50.2,172886,89.5,66.8
2026-04-05,PRO031,51.1,25.0,104079,91.9,72.5
2026-04-05,PRO032,59.6,58.1,19745,90.4,9.1
2026-04-05,PRO033,91.5,38.9,40227,62.5,43.0
2026-04-05,PRO034,56.9,62.2,117201,95.1,13.2
2026-04-05,PRO035,69.0,25.6,161315,69.8,14.3
2026-04-05,PRO036,76.8,75.6,162122,77.6,55.3
2026-04-06,PRO001,82.5,62.8,53838,96.7,68.1
2026-04-06,PRO002,72.6,30.2,25955,71.4,47.7
2026-04-06,PRO003,95.0,53.5,69587,98.2,18.5
2026-04-06,PRO004,87.9,42.4,153054,87.4,65.7
2026-04-06,PRO005,65.9,54.4,111095,67.0,86.4
2026-04-06,PRO006,79.0,68.4,156670,74.4,55.9
2026-04-06,PRO007,55.6,40.1,81662,73.2,46.3
2026-04-06,PRO008,41.0,35.6,147715,87.5,12.7
2026-04-06,PRO009,94.3,55.3,70035,91.8,28.8
2026-04-06,PRO010,92.1,26.9,131516,78.8,77.5
2026-04-06,PRO011,61.5,69.3,125469,71.4,81.5
2026-04-06,PRO012,44.1,34.2,40074,83.8,76.4
2026-04-06,PRO013,91.2,36.7,103830,95.8,17.0
2026-04-06,PRO014,82.3,73.8,79239,79.3,58.0
2026-04-06,PRO015,53.4,62.8,44823,87.7,44.2
2026-04-06,PRO016,62.6,36.0,72836,73.2,29.3
2026-04-06,PRO017,42.8,67.9,15588,68.0,49.9
2026-04-06,PRO018,80.6,20.9,138477,89.8,63.5
2026-04-06,PRO019,62.6,48.4,55743,62.3,39.2
2026-04-06,PRO020,64.0,67.0,62124,79.5,93.9
2026-04-06,PRO021,66.0,45.4,161341,83.6,79.2
2026-04-06,PRO022,84.6,75.7,31402,86.9,55.0
2026-04-06,PRO023,54.8,58.0,47205,73.9,88.4
2026-04-06,PRO024,85.6,69.1,159492,62.1,93.8
2026-04-06,PRO025,69.1,50.6,68184,64.6,68.9
2026-04-06,PRO026,73.1,42.0,95968,63.7,54.2
2026-04-06,PRO027,48.8,41.3,65004,68.6,70.3
2026-04-06,PRO028,60.7,62.0,74102,92.5,26.2
2026-04-06,PRO029,45.9,46.5,40331,78.5,80.9
2026-04-06,PRO030,56.8,80.1,81306,75.9,10.2
2026-04-06,PRO031,76.8,62.8,149589,95.0,93.3
2026-04-06,PRO032,47.1,69.3,135653,91.8,39.2
2026-04-06,PRO033,63.4,82.5,99638,93.9,25.1
2026-04-06,PRO034,48.1,18.0,117359,94.8,71.9
2026-04-06,PRO035,79.1,79.2,126127,98.0,89.3
2026-04-06,PRO036,93.8,41.0,113310,95.6,57.3
2026-04-07,PRO001,44.6,78.8,179374,86.4,19.1
2026-04-07,PRO002,75.4,25.7,71685,84.0,15.5
2026-04-07,PRO003,69.6,61.1,174062,76.9,15.9
2026-04-07,PRO004,78.1,20.3,178801,98.4,9.2
2026-04-07,PRO005,87.2,62.7,39785,97.2,91.2
2026-04-07,PRO006,96.6,72.8,147322,97.2,37.1
2026-04-07,PRO007,67.1,50.3,118031,86.2,12.0
2026-04-07,PRO008,86.9,29.1,20536,95.2,82.8
2026-04-07,PRO009,80.1,29.0,167828,83.6,45.7
2026-04-07,PRO010,80.4,26.7,125452,92.5,68.5
2026-04-07,PRO011,42.1,28.2,7799,87.5,48.0
2026-04-07,PRO012,51.2,83.4,38933,91.9,25.7
2026-04-07,PRO013,72.1,64.0,22827,70.3,71.0
2026-04-07,PRO014,81.3,19.9,15146,92.3,42.2
2026-04-07,PRO015,87.1,76.3,20680,75.9,89.8
2026-04-07,PRO016,89.9,45.1,171776,91.1,55.8
2026-04-07,PRO017,67.8,70.5,111614,88.3,29.2
2026-04-07,PRO018,92.0,74.8,155137,70.2,25.6
2026-04-07,PRO019,63.0,77.6,147295,63.4,18.5
2026-04-07,PRO020,73.0,19.7,5013,67.3,35.8
2026-04-07,PRO021,50.1,31.7,132929,98.3,28.9
2026-04-07,PRO022,40.8,32.1,140701,64.6,28.2
2026-04-07,PRO023,41.1,67.3,167346,64.9,24.2
2026-04-07,PRO024,60.3,45.6,23010,66.6,35.1
2026-04-07,PRO025,73.6,50.6,132627,66.7,90.1
2026-04-07,PRO026,89.0,59.1,24979,66.3,77.8
2026-04-07,PRO027,79.9,51.4,101451,94.5,69.4
2026-04-07,PRO028,96.1,19.8,50870,92.9,92.4
2026-04-07,PRO029,58.8,80.5,115463,78.8,85.5
2026-04-07,PRO030,83.9,44.5,145050,87.9,69.5
2026-04-07,PRO031,58.1,40.2,88516,78.7,44.0
2026-04-07,PRO032,76.1,22.0,147232,83.1,25.4
2026-04-07,PRO033,72.0,69.3,17014,83.1,44.4
2026-04-07,PRO034,62.2,37.3,182458,92.1,26.7
2026-04-07,PRO035,70.3,71.3,149503,81.2,25.7
2026-04-07,PRO036,76.7,35.5,91757,95.8,67.5
2026-04-08,PRO001,65.5,68.5,153104,94.4,68.8
2026-04-08,PRO002,60.2,69.1,128917,92.7,61.3
2026-04-08,PRO003,82.6,78.0,161048,98.0,72.9
2026-04-08,PRO004,67.1,52.4,69325,71.4,37.3
2026-04-08,PRO005,63.4,73.0,111489,62.6,78.4
2026-04-08,PRO006,71.2,32.6,11294,88.9,28.9
2026-04-08,PRO007,67.1,71.3,41807,97.4,39.4
2026-04-08,PRO008,49.7,56.1,69144,84.8,16.2
2026-04-08,PRO009,79.1,34.8,141974,66.2,51.3
2026-04-08,PRO010,88.4,35.1,38998,89.7,14.7
2026-04-08,PRO011,81.4,62.3,16979,98.1,86.3
2026-04-08,PRO012,91.6,43.9,142787,96.9,23.3
2026-04-08,PRO013,95.9,45.9,170108,94.0,74.5
2026-04-08,PRO014,75.9,82.7,134676,92.5,54.9
2026-04-08,PRO015,60.2,27.3,139472,89.9,13.1
2026-04-08,PRO016,65.4,76.1,46975,69.9,72.2
2026-04-08,PRO017,52.4,46.0,32640,93.9,55.0
2026-04-08,PRO018,62.5,78.6,53326,71.3,13.6
2026-04-08,PRO019,66.9,37.0,123984,92.2,21.1
2026-04-08,PRO020,75.1,23.2,140308,63.5,34.6
2026-04-08,PRO021,76.6,73.1,181884,86.0,81.5
2026-04-08,PRO022,58.2,77.3,58358,75.6,42.2
2026-04-08,PRO023,58.0,25.7,46442,97.3,39.5
2026-04-08,PRO024,43.7,82.2,136168,86.2,48.7
2026-04-08,PRO025,87.0,47.8,136758,77.3,40.7
2026-04-08,PRO026,74.1,28.8,153686,73.1,90.0
2026-04-08,PRO027,54.1,81.2,125485,64.7,13.9
2026-04-08,PRO028,94.3,52.7,54197,75.8,82.3
2026-04-08,PRO029,56.3,79.0,64863,74.5,37.8
2026-04-08,PRO030,88.6,46.6,130395,98.3,53.0
2026-04-08,PRO031,81.1,39.2,46829,65.3,50.8
2026-04-08,PRO032,60.0,62.1,64168,62.6,32.7
2026-04-08,PRO033,86.1,49.6,116965,97.9,10.0
2026-04-08,PRO034,96.4,68.2,167475,62.0,19.7
2026-04-08,PRO035,63.4,20.8,169204,93.0,21.0
2026-04-08,PRO036,65.7,34.4,175458,92.0,47.0
2026-04-09,PRO001,77.0,30.4,58638,68.8,38.2
2026-04-09,PRO002,55.8,40.6,123135,63.3,93.8
2026-04-09,PRO003,88.7,70.1,34696,70.5,54.4
2026-04-09,PRO004,92.3,33.7,38344,90.9,82.6
2026-04-09,PRO005,52.2,50.3,140831,82.0,49.0
2026-04-09,PRO006,71.1,62.2,95823,94.4,68.9
2026-04-09,PRO007,55.4,35.8,94578,63.5,23.8
2026-04-09,PRO008,93.4,62.7,85117,87.3,66.3
2026-04-09,PRO009,93.2,78.8,166527,67.5,24.2
2026-04-09,PRO010,82.4,61.9,116653,74.1,26.3
2026-04-09,PRO011,64.9,65.7,149888,66.0,93.7
2026-04-09,PRO012,86.5,28.3,155247,95.7,59.4
2026-04-09,PRO013,60.3,33.9,168449,75.6,53.9
2026-04-09,PRO014,56.2,63.2,178351,79.3,25.7
2026-04-09,PRO015,83.5,50.3,143008,93.4,46.7
2026-04-09,PRO016,51.3,71.9,38597,62.7,25.1
2026-04-09,PRO017,82.5,46.4,112985,94.1,18.8
2026-04-09,PRO018,90.7,53.1,19644,65.2,85.4
2026-04-09,PRO019,94.7,70.2,5518,72.9,21.3
2026-04-09,PRO020,52.7,29.0,4506,89.1,22.8
2026-04-09,PRO021,78.1,34.5,121681,97.5,86.2
2026-04-09,PRO022,91.8,76.4,144988,71.1,44.1
2026-04-09,PRO023,93.5,83.7,76576,67.2,72.6
2026-04-09,PRO024,52.2,32.1,163148,84.1,40.5
2026-04-09,PRO025,60.3,38.4,182680,69.3,42.8
2026-04-09,PRO026,54.9,68.2,109363,72.9,26.8
2026-04-09,PRO027,87.2,82.8,171099,78.7,30.0
2026-04-09,PRO028,80.4,61.8,116184,86.4,73.5
2026-04-09,PRO029,89.2,74.8,19056,86.0,66.4
2026-04-09,PRO030,70.0,78.0,36435,92.3,30.5
2026-04-09,PRO031,54.8,45.3,2797,63.1,28.3
2026-04-09,PRO032,93.5,34.2,33119,91.9,48.3
2026-04-09,PRO033,54.6,68.9,10014,74.1,58.6
2026-04-09,PRO034,86.2,37.4,25808,73.1,86.0
2026-04-09,PRO035,57.5,18.9,48925,85.1,49.5
2026-04-09,PRO036,42.7,42.8,121975,87.7,71.4
2026-04-10,PRO001,62.7,41.5,76313,89.0,10.4
2026-04-10,PRO002,63.8,19.9,28475,80.0,67.6
2026-04-10,PRO003,80.6,27.7,157426,78.2,11.5
2026-04-10,PRO004,77.8,65.2,88689,74.0,40.9
2026-04-10,PRO005,42.2,21.7,82286,78.0,27.1
2026-04-10,PRO006,65.8,46.3,67368,90.5,50.5
2026-04-10,PRO007,57.2,39.0,21305,85.2,73.3
2026-04-10,PRO008,75.1,42.4,42260,90.4,91.5
2026-04-10,PRO009,55.3,27.3,39797,68.1,35.5
2026-04-10,PRO010,90.1,21.1,176145,64.3,70.3
2026-04-10,PRO011,81.6,43.4,11721,90.4,72.3
2026-04-10,PRO012,92.7,67.7,134841,83.6,8.3
2026-04-10,PRO013,73.4,76.9,94122,95.5,76.9
2026-04-10,PRO014,78.9,75.1,24703,96.5,57.7
2026-04-10,PRO015,93.0,56.3,174245,79.2,39.2
2026-04-10,PRO016,58.7,42.3,119005,94.4,66.3
2026-04-10,PRO017,45.0,83.2,134304,92.5,48.6
2026-04-10,PRO018,46.9,83.9,77743,63.8,48.3
2026-04-10,PRO019,93.1,62.5,184947,84.0,63.9
2026-04-10,PRO020,96.4,21.0,50188,65.7,14.7
2026-04-10,PRO021,72.4,19.1,15539,67.7,12.7
2026-04-10,PRO022,54.8,55.8,132891,67.5,21.8
2026-04-10,PRO023,92.2,73.5,177583,92.7,37.5
2026-04-10,PRO024,48.9,42.5,110517,63.4,80.5
2026-04-10,PRO025,69.1,40.6,144576,74.2,63.3
2026-04-10,PRO026,53.3,62.2,107495,65.8,30.3
2026-04-10,PRO027,78.0,22.1,17334,78.9,80.0
2026-04-10,PRO028,90.9,41.8,140852,82.8,65.1
2026-04-10,PRO029,55.4,68.7,26466,97.2,54.6
2026-04-10,PRO030,94.4,48.3,111410,91.1,12.0
2026-04-10,PRO031,85.3,28.8,138369,86.2,73.8
2026-04-10,PRO032,51.0,57.6,63238,64.5,24.2
2026-04-10,PRO033,93.9,63.8,111247,77.8,28.6
2026-04-10,PRO034,51.8,79.3,3269,92.3,79.8
2026-04-10,PRO035,61.7,69.5,146686,87.4,14.7
2026-04-10,PRO036,42.4,44.7,40189,90.3,19.6
2026-04-11,PRO001,80.1,66.7,50515,74.9,56.1
2026-04-11,PRO002,59.6,74.4,139182,77.0,35.0
2026-04-11,PRO003,93.1,74.9,45900,89.2,72.7
2026-04-11,PRO004,56.7,67.2,179006,67.3,70.6
2026-04-11,PRO005,73.4,18.3,76440,96.6,27.3
2026-04-11,PRO006,41.2,75.4,122139,92.4,58.2
2026-04-11,PRO007,84.7,52.2,12638,73.5,54.0
2026-04-11,PRO008,61.8,81.7,184765,74.6,73.0
2026-04-11,PRO009,43.0,49.4,170404,67.6,39.5
2026-04-11,PRO010,79.5,72.1,100661,72.0,79.4
2026-04-11,PRO011,60.0,37.5,6802,77.6,38.2
2026-04-11,PRO012,55.2,53.4,144150,69.8,81.6
2026-04-11,PRO013,83.7,31.5,161409,71.6,72.3
2026-04-11,PRO014,85.7,68.2,50996,68.6,80.7
2026-04-11,PRO015,88.2,33.3,181365,62.6,31.8
2026-04-11,PRO016,47.0,44.2,4184,73.7,78.3
2026-04-11,PRO017,64.4,36.2,93023,98.0,68.9
2026-04-11,PRO018,90.3,34.4,34171,67.5,80.6
2026-04-11,PRO019,61.7,32.2,170962,74.6,25.7
2026-04-11,PRO020,76.8,58.6,118841,68.6,10.1
2026-04-11,PRO021,74.9,67.4,60234,79.0,15.5
2026-04-11,PRO022,41.4,72.1,68220,66.3,32.5
2026-04-11,PRO023,73.3,53.7,147538,68.6,60.5
2026-04-11,PRO024,42.1,44.2,152764,79.1,36.6
2026-04-11,PRO025,93.1,18.4,45757,92.6,65.7
2026-04-11,PRO026,62.7,70.5,133696,78.9,63.0
2026-04-11,PRO027,46.0,63.2,165113,70.0,11.3
2026-04-11,PRO028,96.7,65.6,89100,97.0,91.3
2026-04-11,PRO029,40.5,33.7,147972,94.9,85.0
2026-04-11,PRO030,85.4,70.4,143584,64.4,35.8
2026-04-11,PRO031,79.0,62.1,40733,96.5,27.1
2026-04-11,PRO032,57.1,24.4,172663,79.7,33.5
2026-04-11,PRO033,41.6,18.7,172854,73.0,80.1
2026-04-11,PRO034,62.6,58.3,120918,87.4,28.7
2026-04-11,PRO035,76.1,54.8,49263,89.5,90.4
2026-04-11,PRO036,85.9,31.6,146242,70.5,50.5
2026-04-12,PRO001,90.8,24.5,172846,76.2,74.2
2026-04-12,PRO002,51.0,40.6,140426,98.6,62.3
2026-04-12,PRO003,92.2,80.8,7488,75.0,19.6
2026-04-12,PRO004,92.7,49.8,15657,97.9,51.8
2026-04-12,PRO005,53.6,23.0,80649,71.6,73.2
2026-04-12,PRO006,86.3,76.9,2707,67.9,24.8
2026-04-12,PRO007,50.0,52.3,47982,80.8,56.2
2026-04-12,PRO008,93.7,73.1,44985,69.2,79.8
2026-04-12,PRO009,87.8,39.5,112492,63.2,18.7
2026-04-12,PRO010,77.2,35.0,120858,63.8,66.8
2026-04-12,PRO011,61.6,78.7,17012,85.4,48.6
2026-04-12,PRO012,81.1,24.6,110765,71.6,90.7
2026-04-12,PRO013,48.0,47.9,180431,68.9,70.7
2026-04-12,PRO014,71.5,33.9,15659,65.5,43.2
2026-04-12,PRO015,94.0,63.6,155733,98.6,82.2
2026-04-12,PRO016,76.8,78.7,55393,96.4,56.8
2026-04-12,PRO017,95.6,37.2,79857,80.3,41.1
2026-04-12,PRO018,65.6,48.8,21234,83.5,41.0
2026-04-12,PRO019,70.8,78.7,90543,76.3,11.6
2026-04-12,PRO020,88.6,25.1,160925,98.2,75.1
2026-04-12,PRO021,79.1,80.5,65763,98.7,84.9
2026-04-12,PRO022,81.6,73.5,124089,98.2,11.7
2026-04-12,PRO023,88.9,70.1,165854,84.4,10.7
2026-04-12,PRO024,46.5,67.9,177486,88.0,15.8
2026-04-12,PRO025,51.5,58.4,11541,94.7,49.6
2026-04-12,PRO026,52.1,75.5,163460,75.8,71.5
2026-04-12,PRO027,46.2,39.0,38353,98.1,70.6
2026-04-12,PRO028,92.8,57.5,149523,81.1,71.5
2026-04-12,PRO029,86.9,22.2,153058,78.4,63.9
2026-04-12,PRO030,95.9,47.2,170662,71.9,49.4
2026-04-12,PRO031,42.5,75.3,123193,93.5,88.5
2026-04-12,PRO032,76.0,43.2,100086,63.3,65.1
2026-04-12,PRO033,81.1,23.5,54594,70.0,66.6
2026-04-12,PRO034,69.3,83.2,37363,71.7,60.4
2026-04-12,PRO035,79.5,35.5,170009,95.6,67.7
2026-04-12,PRO036,78.2,36.6,75969,70.6,36.2
2026-04-13,PRO001,65.0,33.1,173389,67.5,39.9
2026-04-13,PRO002,86.7,28.5,130092,75.9,38.6
2026-04-13,PRO003,50.6,57.3,101188,79.2,51.7
2026-04-13,PRO004,55.3,59.6,87120,84.7,9.1
2026-04-13,PRO005,90.6,62.4,2962,77.5,67.4
2026-04-13,PRO006,69.5,44.7,117300,63.3,52.0
2026-04-13,PRO007,57.4,18.6,46681,73.3,42.6
2026-04-13,PRO008,49.0,46.8,69122,81.3,41.9
2026-04-13,PRO009,75.0,21.9,11571,65.5,45.5
2026-04-13,PRO010,44.8,23.6,99472,98.8,62.3
2026-04-13,PRO011,77.8,25.5,36202,86.9,86.8
2026-04-13,PRO012,48.0,52.0,43373,98.0,50.7
2026-04-13,PRO013,60.6,55.9,165179,95.5,17.7
2026-04-13,PRO014,80.0,20.7,117824,86.8,50.3
2026-04-13,PRO015,76.8,69.8,38694,77.7,46.1
2026-04-13,PRO016,73.8,31.2,145766,86.6,36.7
2026-04-13,PRO017,50.2,64.1,144473,89.6,57.6
2026-04-13,PRO018,64.2,65.0,25270,88.8,73.2
2026-04-13,PRO019,68.4,48.2,168705,80.6,55.4
2026-04-13,PRO020,52.9,78.9,57287,63.2,79.6
2026-04-13,PRO021,73.4,39.7,182517,88.1,24.7
2026-04-13,PRO022,75.2,33.9,100401,93.1,12.5
2026-04-13,PRO023,52.5,35.2,9146,71.2,23.2
2026-04-13,PRO024,78.5,29.2,163741,81.0,81.4
2026-04-13,PRO025,74.0,32.9,29791,88.7,54.3
2026-04-13,PRO026,88.8,29.3,82964,62.3,84.1
2026-04-13,PRO027,47.4,52.8,76106,67.7,79.1
2026-04-13,PRO028,83.5,57.7,39217,77.2,41.8
2026-04-13,PRO029,72.1,18.5,11178,68.3,84.5
2026-04-13,PRO030,82.6,61.0,34369,91.2,20.7
2026-04-13,PRO031,55.1,54.4,69956,67.0,24.4
2026-04-13,PRO032,68.8,38.0,152914,97.7,33.3
2026-04-13,PRO033,48.9,25.3,124469,62.2,12.2
2026-04-13,PRO034,61.9,36.2,60531,76.2,19.3
2026-04-13,PRO035,96.6,59.9,144438,77.4,75.9
2026-04-13,PRO036,50.4,50.3,103926,83.4,12.3
2026-04-14,PRO001,94.5,48.0,137339,70.2,28.4
2026-04-14,PRO002,61.9,80.1,10556,79.2,29.1
2026-04-14,PRO003,67.4,69.7,112777,81.9,56.6
2026-04-14,PRO004,43.9,27.2,108009,72.1,52.1
2026-04-14,PRO005,66.3,66.8,21567,90.1,16.4
2026-04-14,PRO006,79.1,43.8,127390,64.1,88.0
2026-04-14,PRO007,91.9,57.8,166090,68.7,54.6
2026-04-14,PRO008,75.8,40.2,48541,92.2,59.7
2026-04-14,PRO009,67.9,57.1,109051,68.7,12.4
2026-04-14,PRO010,74.8,38.2,8341,62.2,45.5
2026-04-14,PRO011,73.2,33.6,129953,90.2,90.1
2026-04-14,PRO012,55.8,40.4,159283,67.3,36.5
2026-04-14,PRO013,54.9,18.5,33586,86.5,54.6
2026-04-14,PRO014,88.2,24.7,57586,90.2,44.7
2026-04-14,PRO015,57.0,46.5,9987,98.4,49.4
2026-04-14,PRO016,41.3,60.2,124356,97.6,71.7
2026-04-14,PRO017,78.8,70.4,148179,67.8,87.2
2026-04-14,PRO018,58.2,71.3,132172,81.2,61.8
2026-04-14,PRO019,77.6,20.4,43125,92.4,49.2
2026-04-14,PRO020,72.4,52.4,21852,87.0,55.0
2026-04-14,PRO021,72.3,81.8,176633,92.5,8.0
2026-04-14,PRO022,50.0,64.0,21633,97.8,88.7
2026-04-14,PRO023,50.4,53.2,165827,85.4,37.8
2026-04-14,PRO024,80.3,77.4,171279,62.8,60.1
2026-04-14,PRO025,89.2,38.5,163202,98.5,53.1
2026-04-14,PRO026,56.8,51.7,35125,68.4,74.3
2026-04-14,PRO027,60.1,45.6,138693,74.3,44.9
2026-04-14,PRO028,44.4,46.4,105267,65.2,51.4
2026-04-14,PRO029,45.0,53.5,36244,72.3,15.6
2026-04-14,PRO030,44.0,49.3,15800,75.5,49.5
2026-04-14,PRO031,41.7,52.0,147161,94.7,14.7
2026-04-14,PRO032,76.0,30.4,46136,81.8,83.2
2026-04-14,PRO033,70.6,68.9,10057,89.6,30.5
2026-04-14,PRO034,61.4,47.1,94324,84.7,24.4
2026-04-14,PRO035,87.6,53.9,94920,79.6,75.5
2026-04-14,PRO036,60.5,44.4,69743,71.7,27.8
2026-04-15,PRO001,97.0,36.9,64454,62.4,88.9
2026-04-15,PRO002,94.2,74.1,127254,87.8,39.5
2026-04-15,PRO003,62.4,53.3,66128,69.1,50.8
2026-04-15,PRO004,47.2,19.1,62424,91.3,45.7
2026-04-15,PRO005,41.5,66.3,85032,92.5,24.0
2026-04-15,PRO006,77.2,41.3,124598,86.9,88.4
2026-04-15,PRO007,75.1,77.0,81489,62.8,54.9
2026-04-15,PRO008,79.1,27.0,141833,66.5,18.9
2026-04-15,PRO009,96.4,35.3,94516,83.0,13.4
2026-04-15,PRO010,54.4,36.5,169444,94.3,79.5
2026-04-15,PRO011,60.5,32.6,67036,80.8,75.6
2026-04-15,PRO012,51.9,53.1,159108,93.6,61.7
2026-04-15,PRO013,65.8,38.0,51315,82.7,30.4
2026-04-15,PRO014,83.4,38.3,27201,77.3,26.2
2026-04-15,PRO015,48.5,31.5,84315,77.4,83.0
2026-04-15,PRO016,90.9,72.1,59954,91.3,28.6
2026-04-15,PRO017,76.8,77.2,19675,70.1,49.8
2026-04-15,PRO018,67.3,83.9,153343,77.2,74.5
2026-04-15,PRO019,86.9,27.8,183595,67.9,75.9
2026-04-15,PRO020,67.6,19.0,180078,75.9,93.2
2026-04-15,PRO021,40.7,72.4,95985,77.9,87.4
2026-04-15,PRO022,51.6,22.5,175176,79.5,84.5
2026-04-15,PRO023,54.8,83.4,20399,96.7,11.5
2026-04-15,PRO024,85.8,51.5,46568,83.7,14.3
2026-04-15,PRO025,48.2,82.0,71185,87.4,28.8
2026-04-15,PRO026,58.7,55.3,128939,69.2,52.2
2026-04-15,PRO027,72.3,75.9,70199,90.6,19.0
2026-04-15,PRO028,73.1,64.3,165048,71.2,66.4
2026-04-15,PRO029,72.8,58.5,137462,92.5,90.6
2026-04-15,PRO030,83.2,37.9,69762,88.4,12.0
2026-04-15,PRO031,61.6,58.1,93140,95.6,26.3
2026-04-15,PRO032,51.4,74.6,143003,92.1,92.0
2026-04-15,PRO033,54.0,59.6,145977,78.5,20.0
2026-04-15,PRO034,89.5,33.1,129770,81.7,62.8
2026-04-15,PRO035,48.5,54.8,72863,72.0,18.0
2026-04-15,PRO036,49.3,77.1,102306,64.6,36.3
2026-04-16,PRO001,74.0,68.7,97798,75.1,68.3
2026-04-16,PRO002,93.7,57.5,31068,69.4,59.1
2026-04-16,PRO003,73.5,76.5,105687,97.5,9.2
2026-04-16,PRO004,61.0,28.5,105335,76.2,16.0
2026-04-16,PRO005,75.2,50.2,15988,82.9,82.7
2026-04-16,PRO006,85.0,24.5,37314,81.8,84.8
2026-04-16,PRO007,74.9,24.7,159001,96.5,51.5
2026-04-16,PRO008,69.0,46.2,59319,76.3,56.0
2026-04-16,PRO009,58.7,20.8,140627,89.5,52.1
2026-04-16,PRO010,70.2,38.1,60580,79.9,90.0
2026-04-16,PRO011,67.8,40.4,113951,76.2,87.5
2026-04-16,PRO012,51.5,62.9,44508,70.4,82.8
2026-04-16,PRO013,66.1,68.5,52721,66.7,42.4
2026-04-16,PRO014,79.8,26.8,98031,91.9,21.7
2026-04-16,PRO015,40.2,77.5,3661,80.6,10.6
2026-04-16,PRO016,76.3,43.6,141581,91.4,8.3
2026-04-16,PRO017,60.7,68.8,141956,72.2,61.4
2026-04-16,PRO018,48.8,28.4,89126,69.1,77.5
2026-04-16,PRO019,89.6,78.1,37664,81.6,50.1
2026-04-16,PRO020,89.3,39.6,161917,82.1,19.0
2026-04-16,PRO021,64.5,51.1,85472,69.8,69.3
2026-04-16,PRO022,68.4,79.8,77849,78.8,48.1
2026-04-16,PRO023,79.7,26.5,49006,76.2,73.9
2026-04-16,PRO024,40.5,31.6,96519,92.4,87.3
2026-04-16,PRO025,67.0,74.9,42611,91.6,28.3
2026-04-16,PRO026,93.6,67.4,144694,97.1,85.6
2026-04-16,PRO027,51.4,38.0,61480,71.5,36.5
2026-04-16,PRO028,41.3,58.2,130031,92.9,67.9
2026-04-16,PRO029,92.6,73.4,57199,77.7,79.0
2026-04-16,PRO030,86.5,42.5,168505,76.0,15.2
2026-04-16,PRO031,70.8,56.5,56252,94.6,34.7
2026-04-16,PRO032,84.9,19.1,28038,85.6,39.2
2026-04-16,PRO033,84.0,75.3,166335,73.4,92.9
2026-04-16,PRO034,53.1,70.1,73691,83.2,86.6
2026-04-16,PRO035,92.3,75.0,177343,79.6,92.5
2026-04-16,PRO036,76.4,79.4,133271,91.2,60.9
2026-04-17,PRO001,74.7,41.5,96440,62.8,19.9
2026-04-17,PRO002,68.3,82.9,164930,96.5,66.1
2026-04-17,PRO003,86.5,25.5,96442,80.4,73.4
2026-04-17,PRO004,77.6,41.5,23330,83.2,84.2
2026-04-17,PRO005,50.3,23.8,37931,64.5,66.6
2026-04-17,PRO006,60.2,30.3,98061,85.6,41.2
2026-04-17,PRO007,71.5,19.9,150485,88.8,53.5
2026-04-17,PRO008,57.7,29.8,88335,96.2,84.5
2026-04-17,PRO009,58.5,48.6,5286,82.4,16.4
2026-04-17,PRO010,49.0,33.5,28095,92.7,51.6
2026-04-17,PRO011,96.9,56.8,132889,73.6,52.6
2026-04-17,PRO012,52.4,28.7,157520,78.1,82.3
2026-04-17,PRO013,52.3,68.0,98258,73.7,39.2
2026-04-17,PRO014,66.9,79.8,9846,73.0,70.0
2026-04-17,PRO015,76.5,39.9,92289,92.5,13.3
2026-04-17,PRO016,51.8,60.0,158377,65.7,77.8
2026-04-17,PRO017,54.7,75.8,178601,65.6,21.8
2026-04-17,PRO018,86.5,54.7,184495,77.8,70.2
2026-04-17,PRO019,59.3,47.4,27250,77.2,85.8
2026-04-17,PRO020,92.0,23.7,143370,87.0,36.3
2026-04-17,PRO021,44.7,37.2,87276,81.6,67.5
2026-04-17,PRO022,66.7,73.3,117603,78.9,28.3
2026-04-17,PRO023,66.5,82.7,174398,83.9,89.5
2026-04-17,PRO024,70.4,31.3,179430,91.9,81.2
2026-04-17,PRO025,65.9,26.5,107290,64.8,15.0
2026-04-17,PRO026,71.9,31.5,96688,71.7,67.2
2026-04-17,PRO027,54.8,70.1,152464,75.8,57.0
2026-04-17,PRO028,72.0,26.2,91631,73.8,41.6
2026-04-17,PRO029,44.8,56.9,140741,70.6,62.8
2026-04-17,PRO030,92.1,84.0,97466,70.5,32.4
2026-04-17,PRO031,74.5,83.4,33667,84.6,86.0
2026-04-17,PRO032,72.8,78.8,14286,72.3,16.3
2026-04-17,PRO033,75.5,29.5,144822,82.8,51.7
2026-04-17,PRO034,57.1,80.2,51287,97.0,40.9
2026-04-17,PRO035,71.7,22.1,47733,93.3,72.2
2026-04-17,PRO036,63.6,54.5,183643,89.8,26.3
2026-04-18,PRO001,59.4,45.0,20553,76.5,48.5
2026-04-18,PRO002,45.8,29.4,145660,89.4,45.2
2026-04-18,PRO003,56.9,76.0,66378,64.8,86.3
2026-04-18,PRO004,57.4,73.1,101022,77.0,31.0
2026-04-18,PRO005,55.5,19.6,125000,71.0,84.5
2026-04-18,PRO006,72.5,52.2,118796,75.0,82.6
2026-04-18,PRO007,63.6,35.6,61955,67.1,32.6
2026-04-18,PRO008,85.4,30.1,172187,72.6,56.0
2026-04-18,PRO009,87.1,70.3,142746,75.3,15.7
2026-04-18,PRO010,47.1,77.2,35667,69.5,69.2
2026-04-18,PRO011,74.6,79.1,31692,87.4,83.4
2026-04-18,PRO012,71.0,26.9,180974,80.2,32.6
2026-04-18,PRO013,48.2,49.0,143778,93.9,67.6
2026-04-18,PRO014,63.1,81.9,132503,65.8,77.7
2026-04-18,PRO015,54.0,68.4,123209,96.3,53.3
2026-04-18,PRO016,57.3,79.1,176187,83.0,84.4
2026-04-18,PRO017,80.4,55.1,6340,76.4,62.8
2026-04-18,PRO018,41.7,47.9,110437,74.2,86.9
2026-04-18,PRO019,63.8,18.1,93961,84.9,25.1
2026-04-18,PRO020,79.5,60.0,53367,91.3,43.8
2026-04-18,PRO021,95.2,74.0,24336,72.6,89.1
2026-04-18,PRO022,54.9,66.2,136813,77.0,14.2
2026-04-18,PRO023,58.5,58.8,31082,98.5,90.9
2026-04-18,PRO024,71.9,62.0,21261,90.2,10.8
2026-04-18,PRO025,40.7,76.0,68629,87.7,46.5
2026-04-18,PRO026,41.7,59.7,179256,64.5,92.5
2026-04-18,PRO027,52.8,80.3,90281,82.1,13.9
2026-04-18,PRO028,41.4,55.0,158188,94.1,89.9
2026-04-18,PRO029,70.1,76.9,30198,65.3,13.5
2026-04-18,PRO030,41.2,54.9,22643,68.3,38.8
2026-04-18,PRO031,53.9,52.3,172658,98.9,71.6
2026-04-18,PRO032,70.9,47.9,57324,84.0,43.5
2026-04-18,PRO033,73.7,74.9,105332,65.8,33.2
2026-04-18,PRO034,84.5,38.5,166456,84.7,43.0
2026-04-18,PRO035,83.1,51.6,137705,88.3,61.1
2026-04-18,PRO036,70.4,59.6,155316,90.5,49.8
2026-04-19,PRO001,41.8,58.9,78402,89.0,11.2
2026-04-19,PRO002,42.3,36.0,181858,78.5,88.2
2026-04-19,PRO003,50.6,35.5,97349,77.4,88.7
2026-04-19,PRO004,66.2,18.2,155638,67.9,80.0
2026-04-19,PRO005,62.9,35.5,101189,70.6,89.8
2026-04-19,PRO006,80.9,74.3,130382,90.6,72.9
2026-04-19,PRO007,62.1,76.2,15300,66.2,83.6
2026-04-19,PRO008,60.2,49.5,79897,62.9,70.5
2026-04-19,PRO009,85.9,38.0,17522,72.5,83.2
2026-04-19,PRO010,55.9,37.7,66361,68.2,41.6
2026-04-19,PRO011,96.8,70.1,80175,77.2,68.1
2026-04-19,PRO012,51.9,52.0,182913,83.3,81.7
2026-04-19,PRO013,46.2,33.0,6998,71.9,15.1
2026-04-19,PRO014,65.9,38.0,19005,84.6,25.8
2026-04-19,PRO015,61.6,67.2,69049,87.5,55.4
2026-04-19,PRO016,82.1,42.3,43570,77.8,84.0
2026-04-19,PRO017,57.0,50.4,54534,88.5,42.4
2026-04-19,PRO018,66.7,19.7,147833,70.9,50.7
2026-04-19,PRO019,44.9,69.3,177501,93.5,20.0
2026-04-19,PRO020,61.7,70.4,120462,78.3,65.8
2026-04-19,PRO021,96.6,23.0,11921,72.3,43.9
2026-04-19,PRO022,54.4,45.5,78186,77.7,23.6
2026-04-19,PRO023,93.2,78.7,158817,84.0,57.4
2026-04-19,PRO024,74.2,33.0,130345,86.2,61.1
2026-04-19,PRO025,62.4,24.7,48143,90.1,37.7
2026-04-19,PRO026,60.9,83.7,133318,95.2,15.6
2026-04-19,PRO027,47.2,72.5,72817,75.7,16.1
2026-04-19,PRO028,87.2,63.9,11599,65.4,61.5
2026-04-19,PRO029,49.4,30.9,48622,65.5,30.3
2026-04-19,PRO030,70.7,49.5,80589,62.9,9.5
2026-04-19,PRO031,42.4,54.8,128154,82.5,53.7
2026-04-19,PRO032,74.9,83.6,120727,87.8,55.1
2026-04-19,PRO033,41.9,55.2,50148,73.3,73.1
2026-04-19,PRO034,43.6,75.4,31866,76.6,11.1
2026-04-19,PRO035,72.7,29.5,78971,79.4,64.9
2026-04-19,PRO036,86.0,75.6,103690,87.6,26.9
2026-04-20,PRO001,45.9,81.4,180065,90.5,33.7
2026-04-20,PRO002,68.2,80.6,123248,74.3,69.7
2026-04-20,PRO003,49.9,77.4,148152,71.2,80.5
2026-04-20,PRO004,90.1,35.9,143296,65.0,35.8
2026-04-20,PRO005,49.3,20.5,79665,77.0,70.1
2026-04-20,PRO006,59.5,34.1,41823,62.8,31.2
2026-04-20,PRO007,96.7,83.6,182453,88.6,56.4
2026-04-20,PRO008,78.2,73.6,85659,66.3,72.8
2026-04-20,PRO009,68.4,66.4,35959,83.2,71.8
2026-04-20,PRO010,80.6,79.3,62579,73.0,72.9
2026-04-20,PRO011,82.9,58.0,19358,91.1,76.5
2026-04-20,PRO012,49.3,38.0,55332,96.3,30.5
2026-04-20,PRO013,95.7,63.7,46194,91.3,42.0
2026-04-20,PRO014,46.9,34.7,174766,76.7,82.4
2026-04-20,PRO015,52.3,34.0,60929,98.7,35.6
2026-04-20,PRO016,47.3,42.0,168936,86.6,47.6
2026-04-20,PRO017,63.6,78.0,46855,83.4,72.4
2026-04-20,PRO018,91.4,45.2,151642,65.7,88.9
2026-04-20,PRO019,66.2,59.6,179724,70.4,39.4
2026-04-20,PRO020,78.4,34.8,117290,92.1,54.5
2026-04-20,PRO021,68.1,20.1,4745,62.0,37.7
2026-04-20,PRO022,93.6,83.4,165695,66.4,25.0
2026-04-20,PRO023,55.4,23.3,74019,90.5,28.8
2026-04-20,PRO024,44.1,26.3,164659,83.3,29.3
2026-04-20,PRO025,82.9,21.3,79086,91.1,23.8
2026-04-20,PRO026,78.0,42.6,131662,87.7,38.9
2026-04-20,PRO027,59.5,62.6,21823,67.9,81.7
2026-04-20,PRO028,63.9,71.4,29928,78.3,91.0
2026-04-20,PRO029,63.7,38.3,10203,62.8,26.9
2026-04-20,PRO030,69.8,67.8,35869,87.3,20.9
2026-04-20,PRO031,49.5,74.1,112935,81.2,26.9
2026-04-20,PRO032,94.5,67.4,37925,75.1,92.9
2026-04-20,PRO033,42.6,21.6,50568,92.7,66.8
2026-04-20,PRO034,59.7,61.5,75383,86.3,38.7
2026-04-20,PRO035,82.1,31.3,114503,75.8,39.8
2026-04-20,PRO036,47.5,22.9,181286,66.5,32.3
2026-04-21,PRO001,59.4,82.4,120551,81.8,68.8
2026-04-21,PRO002,62.2,23.8,25902,89.9,41.9
2026-04-21,PRO003,67.2,58.3,156161,66.0,37.2
2026-04-21,PRO004,82.5,24.8,107096,96.1,39.6
2026-04-21,PRO005,70.8,45.2,145845,70.3,10.7
2026-04-21,PRO006,92.0,64.0,51093,74.7,60.0
2026-04-21,PRO007,40.9,83.5,84991,82.2,12.8
2026-04-21,PRO008,81.8,71.0,157107,65.3,14.1
2026-04-21,PRO009,53.8,32.7,182538,87.9,78.8
2026-04-21,PRO010,71.3,60.6,82292,88.3,70.1
2026-04-21,PRO011,81.2,34.7,149586,73.9,34.7
2026-04-21,PRO012,64.5,79.4,155343,82.8,34.9
2026-04-21,PRO013,75.0,50.9,80779,69.7,80.8
2026-04-21,PRO014,93.1,18.4,72877,74.8,26.4
2026-04-21,PRO015,46.7,37.7,39060,63.5,25.5
2026-04-21,PRO016,62.2,79.4,10718,84.0,24.1
2026-04-21,PRO017,57.1,54.7,132604,80.8,52.1
2026-04-21,PRO018,53.1,75.1,179819,81.8,46.9
2026-04-21,PRO019,72.8,28.2,127088,76.8,67.6
2026-04-21,PRO020,45.2,69.9,19255,87.6,90.3
2026-04-21,PRO021,68.3,80.9,164901,65.8,58.5
2026-04-21,PRO022,73.9,53.0,153941,73.3,87.0
2026-04-21,PRO023,92.8,53.0,23226,89.1,19.3
2026-04-21,PRO024,45.9,45.3,78755,92.9,74.4
2026-04-21,PRO025,40.9,47.6,80245,88.0,54.9
2026-04-21,PRO026,79.6,47.9,14179,62.0,84.5
2026-04-21,PRO027,90.5,45.4,21967,86.8,90.1
2026-04-21,PRO028,70.7,37.3,5686,78.5,24.2
2026-04-21,PRO029,56.9,25.3,131004,72.4,82.4
2026-04-21,PRO030,85.5,69.8,96570,98.0,35.4
2026-04-21,PRO031,64.6,52.2,93816,95.6,84.4
2026-04-21,PRO032,90.4,44.3,75541,87.7,79.2
2026-04-21,PRO033,77.9,21.8,173837,71.4,72.4
2026-04-21,PRO034,46.3,63.3,80074,68.4,81.1
2026-04-21,PRO035,68.9,60.5,85226,70.1,36.3
2026-04-21,PRO036,69.1,64.0,37657,64.3,72.5
2026-04-22,PRO001,60.1,50.3,128787,86.5,14.2
2026-04-22,PRO002,57.4,71.0,117944,85.9,24.1
2026-04-22,PRO003,81.3,39.8,76869,70.7,75.0
2026-04-22,PRO004,67.2,62.9,30910,72.7,38.4
2026-04-22,PRO005,41.9,18.0,65702,76.6,54.0
2026-04-22,PRO006,67.1,52.3,104353,70.1,29.6
2026-04-22,PRO007,93.3,38.8,78704,85.7,50.1
2026-04-22,PRO008,64.3,68.0,94109,65.5,86.2
2026-04-22,PRO009,90.7,41.3,35355,91.5,35.5
2026-04-22,PRO010,93.7,78.2,113401,94.2,80.5
2026-04-22,PRO011,85.4,62.2,118096,90.9,67.0
2026-04-22,PRO012,77.5,50.4,140285,74.2,11.0
2026-04-22,PRO013,68.1,30.2,174834,70.9,72.0
2026-04-22,PRO014,75.2,52.0,146999,82.2,73.4
2026-04-22,PRO015,83.8,63.0,174260,93.3,10.9
2026-04-22,PRO016,80.9,79.4,111504,77.7,67.0
2026-04-22,PRO017,96.5,39.7,13757,80.2,67.3
2026-04-22,PRO018,90.9,38.4,121954,79.9,57.4
2026-04-22,PRO019,47.9,71.2,7687,66.0,26.6
2026-04-22,PRO020,44.2,57.5,76605,72.9,52.0
2026-04-22,PRO021,61.5,65.5,167267,96.7,77.7
2026-04-22,PRO022,54.1,55.6,156368,70.6,51.7
2026-04-22,PRO023,95.6,35.1,78207,96.2,75.6
2026-04-22,PRO024,80.2,75.0,80078,65.3,62.8
2026-04-22,PRO025,90.0,23.6,121188,62.4,76.9
2026-04-22,PRO026,41.3,47.9,162051,97.5,20.1
2026-04-22,PRO027,50.2,24.6,27971,77.4,64.6
2026-04-22,PRO028,78.6,65.0,145700,77.3,24.9
2026-04-22,PRO029,78.1,75.2,150092,76.8,27.5
2026-04-22,PRO030,44.5,49.3,177079,90.6,82.4
2026-04-22,PRO031,95.4,74.7,44991,65.2,86.0
2026-04-22,PRO032,43.0,32.6,151538,96.5,26.8
2026-04-22,PRO033,69.0,23.5,66032,93.0,67.1
2026-04-22,PRO034,56.0,35.8,170392,64.4,36.1
2026-04-22,PRO035,69.4,22.1,26322,90.2,72.0
2026-04-22,PRO036,79.3,31.3,71521,79.6,64.9
2026-04-23,PRO001,96.7,23.2,182332,84.2,36.3
2026-04-23,PRO002,40.7,35.7,111354,68.1,31.8
2026-04-23,PRO003,69.3,31.1,116128,85.9,78.2
2026-04-23,PRO004,84.0,71.4,25419,64.0,68.1
2026-04-23,PRO005,67.8,42.9,29756,98.6,92.2
2026-04-23,PRO006,49.9,29.6,43791,92.5,56.1
2026-04-23,PRO007,94.7,83.9,10916,74.2,28.0
2026-04-23,PRO008,48.4,26.6,174411,77.8,58.0
2026-04-23,PRO009,94.6,22.9,117860,77.6,41.9
2026-04-23,PRO010,61.5,45.3,133005,71.6,22.4
2026-04-23,PRO011,63.1,22.1,149183,65.1,88.1
2026-04-23,PRO012,85.4,18.5,178882,65.0,62.6
2026-04-23,PRO013,56.1,50.0,172056,95.8,43.9
2026-04-23,PRO014,55.7,77.2,150493,92.1,59.0
2026-04-23,PRO015,63.0,31.3,70942,90.5,34.3
2026-04-23,PRO016,40.6,58.0,179238,91.9,29.4
2026-04-23,PRO017,82.5,83.8,146770,64.8,11.7
2026-04-23,PRO018,53.5,69.9,105273,79.4,85.5
2026-04-23,PRO019,40.6,20.4,87205,68.3,26.3
2026-04-23,PRO020,46.7,52.9,176768,70.8,86.5
2026-04-23,PRO021,83.3,39.4,101653,96.2,64.6
2026-04-23,PRO022,87.0,26.0,112534,89.9,29.6
2026-04-23,PRO023,67.9,65.0,170857,84.4,73.7
2026-04-23,PRO024,86.7,46.6,50165,98.2,63.2
2026-04-23,PRO025,44.7,59.4,19998,65.0,91.3
2026-04-23,PRO026,83.5,48.8,17719,90.4,77.3
2026-04-23,PRO027,73.8,70.2,102211,66.9,53.5
2026-04-23,PRO028,67.3,49.9,107498,71.4,38.8
2026-04-23,PRO029,41.7,31.0,144739,70.0,42.7
2026-04-23,PRO030,61.3,80.8,72759,77.2,28.2
2026-04-23,PRO031,45.7,60.4,1893,87.3,12.7
2026-04-23,PRO032,93.0,23.8,104082,68.5,13.6
2026-04-23,PRO033,67.0,61.1,71588,91.5,90.9
2026-04-23,PRO034,77.7,41.8,159763,98.7,30.8
2026-04-23,PRO035,65.6,80.1,63116,96.0,79.4
2026-04-23,PRO036,76.4,67.5,15223,64.1,84.8
2026-04-24,PRO001,74.6,74.7,14270,78.4,80.4
2026-04-24,PRO002,68.7,28.9,49684,92.4,93.0
2026-04-24,PRO003,77.3,21.9,173218,88.4,16.2
2026-04-24,PRO004,57.2,83.7,36279,75.8,37.0
2026-04-24,PRO005,84.2,19.0,8220,82.0,31.0
2026-04-24,PRO006,78.1,58.7,114870,79.8,82.3
2026-04-24,PRO007,89.4,48.5,160117,80.0,19.2
2026-04-24,PRO008,51.0,62.4,76230,73.0,31.2
2026-04-24,PRO009,89.8,59.3,9713,93.2,42.2
2026-04-24,PRO010,73.7,38.4,128209,92.8,62.6
2026-04-24,PRO011,52.7,46.4,162743,93.2,86.8
2026-04-24,PRO012,88.7,26.8,155977,96.9,56.1
2026-04-24,PRO013,43.8,37.6,45973,70.8,27.4
2026-04-24,PRO014,46.4,74.8,56192,62.6,60.0
2026-04-24,PRO015,90.9,61.8,120725,68.8,34.7
2026-04-24,PRO016,94.4,21.8,53989,86.9,39.2
2026-04-24,PRO017,89.7,55.2,167240,96.5,76.7
2026-04-24,PRO018,77.4,56.1,20587,96.8,91.5
2026-04-24,PRO019,65.3,60.0,172377,73.7,18.4
2026-04-24,PRO020,61.7,79.7,68497,68.1,45.3
2026-04-24,PRO021,88.2,31.3,180749,86.7,30.2
2026-04-24,PRO022,69.7,34.8,130058,64.3,23.7
2026-04-24,PRO023,92.3,66.5,131852,68.5,70.7
2026-04-24,PRO024,91.7,50.1,48058,64.8,9.4
2026-04-24,PRO025,62.7,66.2,108377,91.1,46.7
2026-04-24,PRO026,54.6,52.6,12829,78.4,52.4
2026-04-24,PRO027,55.3,54.0,109338,69.0,20.6
2026-04-24,PRO028,41.3,51.8,116895,80.6,20.9
2026-04-24,PRO029,69.6,22.1,157143,70.9,20.5
2026-04-24,PRO030,58.0,40.9,125708,74.8,35.6
2026-04-24,PRO031,43.2,73.8,170338,96.7,63.5
2026-04-24,PRO032,80.7,80.8,155233,82.3,48.3
2026-04-24,PRO033,62.9,49.8,136694,93.0,18.6
2026-04-24,PRO034,65.8,56.5,182179,96.2,63.3
2026-04-24,PRO035,68.8,27.2,90310,65.4,38.2
2026-04-24,PRO036,58.4,30.1,87033,89.0,79.3
2026-04-25,PRO001,53.5,47.2,135764,75.0,61.7
2026-04-25,PRO002,71.3,67.6,164088,88.7,23.2
2026-04-25,PRO003,60.8,71.6,123535,92.2,46.9
2026-04-25,PRO004,84.6,69.9,142149,63.5,35.9
2026-04-25,PRO005,80.9,73.6,101754,72.0,90.8
2026-04-25,PRO006,87.6,43.7,84020,63.1,72.4
2026-04-25,PRO007,50.1,32.6,86850,65.1,85.3
2026-04-25,PRO008,86.4,39.7,122507,93.4,54.2
2026-04-25,PRO009,96.7,69.3,43802,73.4,33.0
2026-04-25,PRO010,80.5,59.8,24087,75.5,76.3
2026-04-25,PRO011,88.7,39.7,150344,85.8,71.2
2026-04-25,PRO012,92.0,78.7,45332,62.2,16.2
2026-04-25,PRO013,45.4,79.6,60705,98.1,76.4
2026-04-25,PRO014,74.6,79.5,7441,82.7,51.6
2026-04-25,PRO015,80.3,62.2,177647,81.8,48.5
2026-04-25,PRO016,51.3,53.8,2224,92.5,81.7
2026-04-25,PRO017,45.4,24.2,173652,91.7,79.2
2026-04-25,PRO018,74.3,18.6,37421,72.1,63.3
2026-04-25,PRO019,58.2,68.0,183494,77.6,18.2
2026-04-25,PRO020,67.2,47.3,49903,90.9,34.6
2026-04-25,PRO021,70.8,49.0,172731,63.7,73.3
2026-04-25,PRO022,82.1,50.9,135450,94.6,22.3
2026-04-25,PRO023,90.9,35.0,125227,66.1,75.2
2026-04-25,PRO024,43.6,24.5,78229,67.1,9.5
2026-04-25,PRO025,90.5,69.6,98382,96.9,54.1
2026-04-25,PRO026,54.8,74.4,71383,65.0,24.6
2026-04-25,PRO027,95.8,49.6,38676,64.5,90.1
2026-04-25,PRO028,51.4,50.2,13324,91.6,22.8
2026-04-25,PRO029,95.8,39.1,9542,93.8,29.1
2026-04-25,PRO030,50.4,48.0,174640,86.1,87.9
2026-04-25,PRO031,80.5,21.0,109114,90.7,86.0
2026-04-25,PRO032,50.4,67.3,26580,67.3,59.7
2026-04-25,PRO033,87.4,46.4,117656,94.5,23.0
2026-04-25,PRO034,94.6,20.0,80219,69.2,57.5
2026-04-25,PRO035,93.6,71.4,130523,70.1,76.7
2026-04-25,PRO036,66.4,45.0,99805,84.3,76.4
2026-04-26,PRO001,52.7,25.8,29919,88.2,20.5
2026-04-26,PRO002,47.9,71.5,3903,93.3,40.3
2026-04-26,PRO003,92.8,39.4,50640,95.2,44.7
2026-04-26,PRO004,60.9,70.6,174477,71.1,76.2
2026-04-26,PRO005,90.3,66.5,104500,96.7,19.0
2026-04-26,PRO006,54.9,19.3,26780,70.1,32.8
2026-04-26,PRO007,65.8,49.8,47450,65.8,69.6
2026-04-26,PRO008,51.4,37.3,143754,86.9,93.1
2026-04-26,PRO009,54.8,80.6,88716,98.9,44.0
2026-04-26,PRO010,63.3,59.4,59790,65.9,90.6
2026-04-26,PRO011,69.6,26.0,94194,76.4,41.1
2026-04-26,PRO012,89.9,53.1,90834,94.9,26.1
2026-04-26,PRO013,50.1,47.8,149726,76.3,82.8
2026-04-26,PRO014,48.2,49.5,90400,88.2,92.0
2026-04-26,PRO015,40.1,63.4,114929,79.1,41.2
2026-04-26,PRO016,59.3,68.7,123877,64.8,61.1
2026-04-26,PRO017,88.0,24.2,109896,62.4,91.3
2026-04-26,PRO018,84.3,31.9,176130,76.6,57.1
2026-04-26,PRO019,92.4,36.7,46539,96.1,12.2
2026-04-26,PRO020,63.1,79.3,119512,74.7,32.5
2026-04-26,PRO021,41.7,46.3,72802,87.7,72.4
2026-04-26,PRO022,49.5,56.7,61841,71.3,31.0
2026-04-26,PRO023,51.0,62.5,84825,82.9,10.6
2026-04-26,PRO024,86.5,26.9,99131,95.9,51.9
2026-04-26,PRO025,62.7,73.1,175635,70.0,79.6
2026-04-26,PRO026,68.1,26.9,175492,98.0,20.3
2026-04-26,PRO027,42.9,24.3,155764,69.7,50.7
2026-04-26,PRO028,75.1,63.5,175990,74.3,26.0
2026-04-26,PRO029,54.5,63.9,180770,77.0,15.4
2026-04-26,PRO030,81.8,33.8,123683,92.3,65.7
2026-04-26,PRO031,66.1,78.4,80380,70.9,20.8
2026-04-26,PRO032,48.1,71.2,156125,84.4,89.3
2026-04-26,PRO033,54.3,39.5,31461,68.5,66.8
2026-04-26,PRO034,84.4,22.8,14098,87.1,37.7
2026-04-26,PRO035,51.6,50.8,115498,74.2,8.5
2026-04-26,PRO036,54.1,57.0,21096,78.4,46.6
2026-04-27,PRO001,85.0,58.0,160819,82.0,57.7
2026-04-27,PRO002,62.0,18.9,84958,79.9,54.7
2026-04-27,PRO003,72.8,73.4,132845,62.6,13.8
2026-04-27,PRO004,71.1,21.5,184772,96.7,67.0
2026-04-27,PRO005,48.8,52.4,22652,97.7,63.4
2026-04-27,PRO006,64.6,46.6,29791,81.4,35.8
2026-04-27,PRO007,79.8,72.3,141558,67.2,30.3
2026-04-27,PRO008,84.7,27.0,95777,75.7,77.8
2026-04-27,PRO009,76.2,21.8,136903,83.8,10.0
2026-04-27,PRO010,50.1,83.1,184444,76.6,17.8
2026-04-27,PRO011,96.8,26.0,141761,72.7,33.8
2026-04-27,PRO012,77.7,22.9,31791,98.7,58.4
2026-04-27,PRO013,48.0,29.3,164281,69.7,43.7
2026-04-27,PRO014,66.5,72.3,10642,84.3,51.4
2026-04-27,PRO015,61.2,27.3,90668,89.3,39.4
2026-04-27,PRO016,78.3,53.2,168935,97.8,15.2
2026-04-27,PRO017,46.1,68.4,43213,63.5,38.3
2026-04-27,PRO018,45.9,39.7,165001,66.0,57.1
2026-04-27,PRO019,96.8,53.1,75693,83.3,70.1
2026-04-27,PRO020,85.3,42.6,32055,92.5,73.4
2026-04-27,PRO021,78.2,76.3,92911,85.4,69.2
2026-04-27,PRO022,87.1,38.4,15422,73.4,48.3
2026-04-27,PRO023,90.5,26.4,102007,98.1,66.7
2026-04-27,PRO024,47.1,82.1,11895,65.6,27.7
2026-04-27,PRO025,63.0,57.2,62496,80.0,91.8
2026-04-27,PRO026,74.2,67.0,99762,69.9,26.3
2026-04-27,PRO027,75.0,41.7,47016,92.0,55.9
2026-04-27,PRO028,82.5,47.4,85800,98.9,34.2
2026-04-27,PRO029,46.4,33.3,83143,69.8,9.6
2026-04-27,PRO030,49.6,51.2,14710,94.4,83.6
2026-04-27,PRO031,87.1,52.1,13625,64.2,48.1
2026-04-27,PRO032,66.6,32.6,84337,73.7,20.6
2026-04-27,PRO033,67.0,82.2,114027,73.1,45.4
2026-04-27,PRO034,45.2,63.4,38970,71.9,64.6
2026-04-27,PRO035,64.8,43.3,77542,88.9,23.1
2026-04-27,PRO036,50.8,69.6,29667,95.3,58.9
2026-04-28,PRO001,69.5,80.6,14606,93.8,64.2
2026-04-28,PRO002,79.4,47.5,184662,69.9,48.9
2026-04-28,PRO003,76.4,25.6,118494,69.4,35.9
2026-04-28,PRO004,43.1,53.8,33267,75.2,93.2
2026-04-28,PRO005,52.5,40.5,40027,93.4,41.1
2026-04-28,PRO006,75.5,47.0,126269,63.8,18.9
2026-04-28,PRO007,49.4,45.6,104606,72.3,68.7
2026-04-28,PRO008,75.7,30.0,19214,95.2,19.0
2026-04-28,PRO009,81.4,28.7,136605,87.5,20.3
2026-04-28,PRO010,42.2,39.7,21420,65.0,19.6
2026-04-28,PRO011,60.3,42.1,145820,73.5,49.2
2026-04-28,PRO012,82.9,77.4,134653,77.7,13.4
2026-04-28,PRO013,96.1,63.2,124137,72.8,82.6
2026-04-28,PRO014,69.9,80.2,85242,66.3,74.6
2026-04-28,PRO015,41.1,45.5,44400,67.1,47.4
2026-04-28,PRO016,90.6,43.3,6857,72.6,90.7
2026-04-28,PRO017,83.6,64.6,149619,93.3,86.5
2026-04-28,PRO018,55.2,83.3,123380,81.8,92.7
2026-04-28,PRO019,48.4,50.3,131601,91.8,81.7
2026-04-28,PRO020,95.6,51.2,181690,73.6,29.5
2026-04-28,PRO021,61.6,26.0,109933,96.8,86.5
2026-04-28,PRO022,49.8,50.0,91401,88.0,16.0
2026-04-28,PRO023,93.2,26.9,95754,71.4,21.8
2026-04-28,PRO024,52.3,83.8,147280,64.1,65.3
2026-04-28,PRO025,72.8,50.2,84443,94.2,33.2
2026-04-28,PRO026,89.2,35.0,46104,89.3,58.6
2026-04-28,PRO027,79.1,29.7,64032,77.5,91.5
2026-04-28,PRO028,56.6,60.9,33335,74.1,11.6
2026-04-28,PRO029,62.9,54.4,17101,68.0,46.2
2026-04-28,PRO030,84.6,30.8,98426,94.7,39.9
2026-04-28,PRO031,73.0,41.8,1967,79.3,8.8
2026-04-28,PRO032,90.8,68.4,115083,79.6,84.0
2026-04-28,PRO033,42.4,78.8,47783,86.9,79.0
2026-04-28,PRO034,87.7,24.4,107485,63.1,24.4
2026-04-28,PRO035,58.2,74.6,135765,66.1,62.3
2026-04-28,PRO036,73.5,76.4,174280,62.5,16.4
2026-04-29,PRO001,90.2,42.2,7255,93.9,51.0
2026-04-29,PRO002,56.6,39.2,183450,65.6,27.5
2026-04-29,PRO003,50.9,64.6,18695,69.3,53.4
2026-04-29,PRO004,64.6,25.6,82681,79.8,44.1
2026-04-29,PRO005,59.4,45.5,116703,62.6,85.0
2026-04-29,PRO006,89.7,54.2,181561,75.3,9.6
2026-04-29,PRO007,43.0,51.5,137414,63.4,48.0
2026-04-29,PRO008,85.6,48.6,87981,88.5,41.2
2026-04-29,PRO009,52.8,33.2,32209,81.7,74.0
2026-04-29,PRO010,55.7,42.1,79406,96.8,24.0
2026-04-29,PRO011,52.4,81.3,107079,68.7,28.9
2026-04-29,PRO012,60.4,21.4,60862,94.7,87.2
2026-04-29,PRO013,74.1,80.2,15521,84.4,65.7
2026-04-29,PRO014,70.6,51.9,60979,98.4,64.5
2026-04-29,PRO015,60.1,21.3,7519,82.9,28.5
2026-04-29,PRO016,51.5,27.8,121931,96.7,83.4
2026-04-29,PRO017,67.7,78.5,180694,93.4,44.6
2026-04-29,PRO018,94.5,83.2,92810,73.6,37.5
2026-04-29,PRO019,83.6,18.1,100129,72.4,22.7
2026-04-29,PRO020,68.9,40.1,166783,76.4,15.9
2026-04-29,PRO021,89.0,60.4,40751,88.8,38.5
2026-04-29,PRO022,71.8,39.4,105707,81.3,49.0
2026-04-29,PRO023,83.0,37.0,73345,75.6,8.5
2026-04-29,PRO024,54.9,37.3,66788,80.9,77.3
2026-04-29,PRO025,82.2,31.4,74732,92.9,34.6
2026-04-29,PRO026,54.2,68.0,109400,93.4,13.4
2026-04-29,PRO027,89.8,36.9,109560,75.4,17.6
2026-04-29,PRO028,92.5,83.0,170623,77.5,50.7
2026-04-29,PRO029,61.2,52.3,119702,77.5,72.2
2026-04-29,PRO030,49.4,26.8,162804,72.3,19.1
2026-04-29,PRO031,56.5,46.1,66549,82.9,13.7
2026-04-29,PRO032,42.9,34.9,128555,83.6,50.4
2026-04-29,PRO033,84.3,73.6,63656,84.1,40.1
2026-04-29,PRO034,90.4,63.5,168428,86.7,73.7
2026-04-29,PRO035,73.8,75.9,73869,69.6,74.0
2026-04-29,PRO036,56.8,24.4,152888,90.2,85.8
2026-04-30,PRO001,50.4,29.5,117121,71.7,18.5
2026-04-30,PRO002,67.5,26.7,54825,96.0,16.9
2026-04-30,PRO003,81.2,26.9,28081,97.3,70.2
2026-04-30,PRO004,53.4,25.9,80200,77.4,70.9
2026-04-30,PRO005,45.5,56.5,2176,84.4,49.2
2026-04-30,PRO006,73.9,58.6,40799,78.3,73.0
2026-04-30,PRO007,90.1,21.6,96474,81.4,65.0
2026-04-30,PRO008,96.3,81.9,73956,63.3,26.0
2026-04-30,PRO009,42.5,58.6,107489,87.4,44.3
2026-04-30,PRO010,96.9,54.5,171294,78.2,37.7
2026-04-30,PRO011,73.7,30.6,171143,71.8,83.0
2026-04-30,PRO012,74.4,65.9,73538,62.2,70.7
2026-04-30,PRO013,53.1,34.9,9305,82.8,50.2
2026-04-30,PRO014,60.0,41.2,9457,90.5,19.6
2026-04-30,PRO015,56.6,50.0,108291,62.0,83.6
2026-04-30,PRO016,73.8,53.6,87884,96.3,86.0
2026-04-30,PRO017,76.4,26.7,63368,93.7,72.8
2026-04-30,PRO018,45.1,51.7,148012,78.1,88.6
2026-04-30,PRO019,44.5,62.2,68601,81.0,41.5
2026-04-30,PRO020,50.1,19.1,180157,80.0,61.8
2026-04-30,PRO021,60.5,79.3,93726,91.8,66.6
2026-04-30,PRO022,78.3,63.4,104028,94.4,72.6
2026-04-30,PRO023,69.8,79.8,137171,77.7,60.2
2026-04-30,PRO024,43.9,27.2,134858,73.3,19.9
2026-04-30,PRO025,46.2,32.3,58991,66.5,25.6
2026-04-30,PRO026,74.6,60.3,31024,88.4,80.8
2026-04-30,PRO027,78.9,64.7,96038,76.5,37.1
2026-04-30,PRO028,89.9,64.2,126991,76.4,55.8
2026-04-30,PRO029,55.1,25.8,111212,72.6,47.2
2026-04-30,PRO030,96.8,30.3,171304,83.9,28.1
2026-04-30,PRO031,80.8,56.8,84983,93.5,51.5
2026-04-30,PRO032,65.3,54.9,94694,65.4,33.0
2026-04-30,PRO033,91.3,55.5,73116,62.9,91.7
2026-04-30,PRO034,69.9,54.5,78033,69.2,70.7
2026-04-30,PRO035,80.0,72.5,184063,89.2,92.8
2026-04-30,PRO036,82.3,31.9,142549,87.2,33.4
2026-05-01,PRO001,72.7,22.1,54099,66.6,40.8
2026-05-01,PRO002,46.3,70.2,48787,87.6,14.4
2026-05-01,PRO003,75.1,75.2,111542,94.3,83.6
2026-05-01,PRO004,44.2,46.1,134989,98.2,22.2
2026-05-01,PRO005,92.9,27.5,123911,94.2,77.2
2026-05-01,PRO006,77.6,24.6,113262,66.8,76.5
2026-05-01,PRO007,70.4,71.5,93472,63.9,62.6
2026-05-01,PRO008,82.3,18.3,165794,85.0,46.3
2026-05-01,PRO009,58.3,21.9,123204,87.8,54.2
2026-05-01,PRO010,76.7,34.7,24477,81.0,75.4
2026-05-01,PRO011,69.6,75.6,159798,95.5,64.4
2026-05-01,PRO012,66.3,76.5,154724,96.5,68.4
2026-05-01,PRO013,42.2,36.5,3108,94.2,71.7
2026-05-01,PRO014,64.9,48.5,84570,85.6,72.8
2026-05-01,PRO015,84.9,28.8,114050,65.8,30.8
2026-05-01,PRO016,46.1,27.5,165664,78.4,25.6
2026-05-01,PRO017,87.4,75.5,32596,73.4,22.4
2026-05-01,PRO018,75.7,42.4,117308,94.8,16.6
2026-05-01,PRO019,42.9,41.7,87865,82.6,24.9
2026-05-01,PRO020,76.4,58.7,155317,82.0,31.9
2026-05-01,PRO021,85.7,75.6,74995,92.7,24.5
2026-05-01,PRO022,82.2,19.9,174016,82.4,75.6
2026-05-01,PRO023,51.8,25.4,171834,82.6,92.8
2026-05-01,PRO024,54.6,32.1,105652,92.9,66.6
2026-05-01,PRO025,91.7,30.0,112017,77.8,64.5
2026-05-01,PRO026,46.2,19.7,10241,76.9,31.0
2026-05-01,PRO027,81.5,35.4,41503,64.9,85.5
2026-05-01,PRO028,47.2,26.8,73519,67.3,55.6
2026-05-01,PRO029,73.9,58.9,25859,77.2,34.3
2026-05-01,PRO030,85.6,25.8,95471,83.2,61.6
2026-05-01,PRO031,63.3,29.9,92818,87.9,34.8
2026-05-01,PRO032,55.5,53.4,103035,71.0,75.7
2026-05-01,PRO033,58.8,26.5,176549,79.1,77.7
2026-05-01,PRO034,87.8,22.1,2400,97.8,40.0
2026-05-01,PRO035,61.0,72.1,151055,92.9,62.3
2026-05-01,PRO036,64.4,45.6,175372,91.0,84.6
2026-05-02,PRO001,41.5,40.1,143885,97.5,65.0
2026-05-02,PRO002,49.3,49.8,144084,89.7,64.0
2026-05-02,PRO003,64.4,39.3,107113,70.0,27.8
2026-05-02,PRO004,94.1,64.8,49943,98.3,66.1
2026-05-02,PRO005,78.4,76.4,10741,66.8,46.8
2026-05-02,PRO006,40.7,80.6,49064,86.9,71.7
2026-05-02,PRO007,56.3,32.9,102426,94.5,89.5
2026-05-02,PRO008,46.5,75.0,179206,98.9,36.9
2026-05-02,PRO009,76.4,38.2,183100,94.6,31.6
2026-05-02,PRO010,80.9,60.5,150398,71.1,16.6
2026-05-02,PRO011,44.8,59.2,127953,62.9,17.1
2026-05-02,PRO012,61.9,47.6,161894,67.7,73.4
2026-05-02,PRO013,64.7,38.4,184773,75.3,36.2
2026-05-02,PRO014,44.3,35.4,3902,62.4,43.1
2026-05-02,PRO015,57.9,74.9,47717,82.7,21.8
2026-05-02,PRO016,65.8,52.1,38893,75.4,21.1
2026-05-02,PRO017,94.5,66.8,24968,84.0,85.5
2026-05-02,PRO018,84.4,20.4,3109,78.9,32.3
2026-05-02,PRO019,48.5,54.9,3951,68.4,40.6
2026-05-02,PRO020,48.9,67.3,72165,76.6,31.9
2026-05-02,PRO021,66.6,61.8,88277,91.0,36.9
2026-05-02,PRO022,73.9,18.2,147467,74.6,63.1
2026-05-02,PRO023,76.0,24.0,107509,69.9,24.3
2026-05-02,PRO024,74.3,61.1,5748,96.0,88.1
2026-05-02,PRO025,87.1,34.0,122434,63.7,66.1
2026-05-02,PRO026,53.8,81.4,91684,76.7,86.0
2026-05-02,PRO027,59.2,71.5,11813,91.8,15.4
2026-05-02,PRO028,42.4,40.8,136022,77.2,45.3
2026-05-02,PRO029,82.3,43.6,143412,90.2,12.2
2026-05-02,PRO030,50.8,63.2,169931,89.3,52.8
2026-05-02,PRO031,63.2,58.2,113594,95.1,28.5
2026-05-02,PRO032,61.5,60.5,152280,75.2,30.1
2026-05-02,PRO033,44.1,43.4,77623,90.4,11.6
2026-05-02,PRO034,85.3,41.1,20023,78.2,45.8
2026-05-02,PRO035,45.9,61.4,123889,69.0,24.1
2026-05-02,PRO036,58.2,52.1,181592,75.0,15.7
2026-05-03,PRO001,62.9,79.5,136380,62.3,56.8
2026-05-03,PRO002,69.9,35.9,88877,65.4,59.7
2026-05-03,PRO003,54.5,41.9,141759,69.3,32.0
2026-05-03,PRO004,72.7,28.2,90594,63.4,87.9
2026-05-03,PRO005,66.8,39.1,116383,81.2,9.2
2026-05-03,PRO006,50.7,41.4,171174,74.1,54.6
2026-05-03,PRO007,54.5,79.0,65785,91.8,69.3
2026-05-03,PRO008,74.8,28.5,104196,97.9,10.3
2026-05-03,PRO009,48.3,62.0,79396,89.1,66.0
2026-05-03,PRO010,61.2,78.4,170934,83.0,61.3
2026-05-03,PRO011,68.3,19.4,2617,66.3,38.5
2026-05-03,PRO012,88.0,60.1,167842,92.8,73.5
2026-05-03,PRO013,41.8,48.5,146877,80.4,70.9
2026-05-03,PRO014,73.0,66.2,77499,82.2,56.3
2026-05-03,PRO015,61.4,50.1,164019,80.1,69.2
2026-05-03,PRO016,57.3,31.5,105718,85.2,74.4
2026-05-03,PRO017,92.1,72.9,122313,76.1,34.4
2026-05-03,PRO018,81.0,50.6,40471,74.8,31.0
2026-05-03,PRO019,54.6,19.8,72093,98.2,66.9
2026-05-03,PRO020,48.4,28.3,108326,89.9,88.1
2026-05-03,PRO021,74.1,33.7,66237,64.6,37.5
2026-05-03,PRO022,93.2,20.7,8283,97.5,15.7
2026-05-03,PRO023,43.3,40.7,52530,86.0,10.2
2026-05-03,PRO024,70.4,40.8,29440,64.8,92.0
2026-05-03,PRO025,90.9,56.2,63485,96.6,37.1
2026-05-03,PRO026,94.8,83.1,89735,87.3,10.8
2026-05-03,PRO027,58.8,30.8,163955,78.1,59.4
2026-05-03,PRO028,83.7,51.3,48649,77.4,85.0
2026-05-03,PRO029,82.7,76.2,32849,66.7,24.5
2026-05-03,PRO030,67.4,63.3,95603,91.3,57.9
2026-05-03,PRO031,94.7,35.0,184434,82.0,82.7
2026-05-03,PRO032,80.6,21.8,171911,64.8,39.6
2026-05-03,PRO033,87.2,20.9,108695,89.6,66.3
2026-05-03,PRO034,48.2,60.0,60835,73.5,16.7
2026-05-03,PRO035,92.2,75.5,108395,81.6,30.0
2026-05-03,PRO036,89.7,60.9,118715,73.1,82.9
2026-05-04,PRO001,41.1,38.9,154708,96.7,35.6
2026-05-04,PRO002,54.1,65.6,112839,95.4,10.9
2026-05-04,PRO003,77.5,80.5,103434,84.7,26.4
2026-05-04,PRO004,76.9,81.0,91078,92.3,29.9
2026-05-04,PRO005,77.1,51.4,130121,97.7,66.0
2026-05-04,PRO006,54.9,80.0,112388,65.5,35.1
2026-05-04,PRO007,46.3,62.8,21465,91.8,26.6
2026-05-04,PRO008,77.8,49.9,34182,93.1,83.1
2026-05-04,PRO009,65.1,22.9,143404,84.9,32.4
2026-05-04,PRO010,76.4,51.2,89041,76.6,71.4
2026-05-04,PRO011,58.7,73.8,70077,95.2,8.5
2026-05-04,PRO012,51.1,47.2,173861,68.3,60.0
2026-05-04,PRO013,63.9,57.6,173355,81.2,79.9
2026-05-04,PRO014,76.3,47.6,157205,64.1,25.4
2026-05-04,PRO015,54.5,70.2,82159,80.0,75.2
2026-05-04,PRO016,43.1,76.5,165963,73.4,35.8
2026-05-04,PRO017,61.5,37.9,32975,67.2,31.5
2026-05-04,PRO018,45.2,27.8,110339,80.8,14.2
2026-05-04,PRO019,52.7,46.1,180461,79.3,22.9
2026-05-04,PRO020,68.1,63.6,100781,88.0,66.0
2026-05-04,PRO021,72.3,56.7,14078,86.1,82.9
2026-05-04,PRO022,59.7,42.9,35827,87.5,13.3
2026-05-04,PRO023,43.7,70.5,183544,89.1,23.7
2026-05-04,PRO024,94.3,25.0,56380,81.2,25.9
2026-05-04,PRO025,79.7,71.3,131599,94.7,56.6
2026-05-04,PRO026,85.0,70.6,41212,93.7,41.3
2026-05-04,PRO027,96.0,23.7,91794,98.4,47.5
2026-05-04,PRO028,83.2,78.3,70032,83.4,26.2
2026-05-04,PRO029,67.0,64.1,145976,62.7,10.2
2026-05-04,PRO030,80.8,20.0,159522,83.2,17.9
2026-05-04,PRO031,73.8,25.0,7545,96.5,56.0
2026-05-04,PRO032,43.5,47.3,61160,75.4,78.2
2026-05-04,PRO033,52.8,30.3,22940,91.4,30.4
2026-05-04,PRO034,64.9,63.8,81596,96.9,87.5
2026-05-04,PRO035,82.0,57.4,87599,71.6,13.9
2026-05-04,PRO036,75.8,82.1,17815,69.6,25.9
2026-05-05,PRO001,59.1,53.1,169512,75.6,72.1
2026-05-05,PRO002,90.1,20.3,57914,73.8,69.9
2026-05-05,PRO003,96.8,80.2,72976,65.4,73.1
2026-05-05,PRO004,55.9,35.2,71693,65.9,9.9
2026-05-05,PRO005,71.0,84.0,97940,64.7,38.9
2026-05-05,PRO006,45.3,23.2,144654,62.8,78.3
2026-05-05,PRO007,41.7,25.0,184979,96.4,18.0
2026-05-05,PRO008,44.9,35.8,132509,89.0,27.9
2026-05-05,PRO009,60.2,52.1,77548,90.0,63.4
2026-05-05,PRO010,62.4,44.0,144081,92.6,63.3
2026-05-05,PRO011,46.5,75.4,92825,70.8,89.6
2026-05-05,PRO012,76.2,36.9,80730,83.0,20.4
2026-05-05,PRO013,44.4,19.2,121070,77.8,19.5
2026-05-05,PRO014,44.4,77.4,70388,71.0,20.6
2026-05-05,PRO015,72.0,65.2,31913,67.4,85.4
2026-05-05,PRO016,93.4,83.5,97898,74.5,33.7
2026-05-05,PRO017,54.3,46.8,41012,74.9,76.2
2026-05-05,PRO018,92.6,40.6,101889,93.1,42.5
2026-05-05,PRO019,89.1,77.8,136783,96.9,12.1
2026-05-05,PRO020,86.3,34.7,26733,63.9,39.0
2026-05-05,PRO021,68.7,53.0,143823,95.5,78.2
2026-05-05,PRO022,92.9,39.1,125500,67.0,13.1
2026-05-05,PRO023,81.7,58.8,144228,75.6,92.0
2026-05-05,PRO024,88.2,59.1,179850,75.5,36.7
2026-05-05,PRO025,43.6,19.3,160221,90.4,34.4
2026-05-05,PRO026,96.1,19.6,124383,92.7,64.7
2026-05-05,PRO027,64.7,30.2,19033,93.6,89.4
2026-05-05,PRO028,51.8,72.8,16081,66.4,66.7
2026-05-05,PRO029,67.2,64.9,101456,72.2,59.8
2026-05-05,PRO030,64.9,21.6,140710,76.0,89.5
2026-05-05,PRO031,40.3,70.1,85393,69.1,13.2
2026-05-05,PRO032,93.9,70.4,126041,69.9,22.6
2026-05-05,PRO033,56.3,56.9,181849,62.3,30.4
2026-05-05,PRO034,82.8,82.6,56823,68.8,67.8
2026-05-05,PRO035,58.3,30.1,25676,74.4,57.2
2026-05-05,PRO036,72.6,75.8,7119,68.5,51.3
2026-05-06,PRO001,77.6,21.5,108191,98.0,91.3
2026-05-06,PRO002,81.1,51.7,33520,95.6,68.1
2026-05-06,PRO003,44.5,34.5,184388,71.5,70.0
2026-05-06,PRO004,40.2,47.7,92336,65.8,18.8
2026-05-06,PRO005,57.1,69.1,97549,95.9,85.8
2026-05-06,PRO006,92.7,47.1,108379,88.0,87.5
2026-05-06,PRO007,48.4,51.9,50618,66.8,71.4
2026-05-06,PRO008,52.0,18.3,55260,93.5,67.9
2026-05-06,PRO009,43.7,74.9,168455,84.8,33.3
2026-05-06,PRO010,62.2,67.0,67625,73.8,93.6
2026-05-06,PRO011,90.1,76.7,13205,69.4,85.7
2026-05-06,PRO012,48.0,38.8,115008,84.4,20.0
2026-05-06,PRO013,47.7,37.2,158624,70.8,25.3
2026-05-06,PRO014,77.8,47.5,18063,77.6,49.6
2026-05-06,PRO015,57.4,36.6,71103,66.6,78.7
2026-05-06,PRO016,81.9,48.4,19933,70.2,32.3
2026-05-06,PRO017,80.8,71.5,36981,64.4,77.1
2026-05-06,PRO018,82.5,32.6,116179,83.5,67.4
2026-05-06,PRO019,59.7,73.8,36008,87.4,30.7
2026-05-06,PRO020,47.6,62.4,144021,62.4,48.0
2026-05-06,PRO021,70.1,68.7,123545,69.6,65.7
2026-05-06,PRO022,73.0,68.4,155726,89.0,84.6
2026-05-06,PRO023,63.5,83.5,130893,66.9,30.3
2026-05-06,PRO024,62.3,38.5,15794,91.9,64.5
2026-05-06,PRO025,75.6,54.9,143746,64.6,78.3
2026-05-06,PRO026,43.8,45.3,127310,65.2,28.1
2026-05-06,PRO027,43.5,48.4,17940,80.6,34.1
2026-05-06,PRO028,55.1,48.6,87755,80.8,88.3
2026-05-06,PRO029,56.8,61.6,119922,88.9,54.8
2026-05-06,PRO030,85.3,59.2,161288,92.5,72.4
2026-05-06,PRO031,73.1,20.7,14303,91.0,79.2
2026-05-06,PRO032,93.8,80.4,142566,77.7,41.0
2026-05-06,PRO033,43.5,47.1,102974,79.1,35.5
2026-05-06,PRO034,93.7,29.4,143082,98.4,22.6
2026-05-06,PRO035,77.4,69.5,55984,87.7,36.2
2026-05-06,PRO036,82.0,64.2,52381,67.8,74.6
2026-05-07,PRO001,41.9,31.7,6527,65.5,28.8
2026-05-07,PRO002,43.3,36.0,68635,78.1,53.1
2026-05-07,PRO003,68.2,66.9,76683,78.4,74.4
2026-05-07,PRO004,46.8,76.8,43149,91.8,55.2
2026-05-07,PRO005,49.2,31.1,118976,95.7,79.2
2026-05-07,PRO006,78.3,80.5,55111,93.0,67.5
2026-05-07,PRO007,43.4,60.1,18267,91.3,26.4
2026-05-07,PRO008,77.1,29.5,43089,88.0,93.9
2026-05-07,PRO009,46.5,48.1,166560,72.4,20.9
2026-05-07,PRO010,93.0,40.0,66954,96.2,41.2
2026-05-07,PRO011,57.4,80.1,116950,70.0,69.6
2026-05-07,PRO012,75.7,80.0,121968,64.6,65.8
2026-05-07,PRO013,87.3,70.7,159247,71.6,58.7
2026-05-07,PRO014,81.6,70.3,12826,84.3,30.7
2026-05-07,PRO015,70.9,36.2,139818,64.8,93.4
2026-05-07,PRO016,71.2,51.4,43165,68.6,38.2
2026-05-07,PRO017,96.8,40.9,68173,91.8,69.9
2026-05-07,PRO018,41.4,82.3,181921,85.4,17.2
2026-05-07,PRO019,59.2,29.8,139375,98.8,43.4
2026-05-07,PRO020,80.4,56.6,26774,98.5,24.3
2026-05-07,PRO021,94.8,37.4,9212,76.4,15.1
2026-05-07,PRO022,56.5,31.8,18787,95.4,33.7
2026-05-07,PRO023,72.9,54.7,26778,96.1,28.5
2026-05-07,PRO024,69.2,49.3,104516,74.0,78.0
2026-05-07,PRO025,89.0,75.7,88236,66.7,83.3
2026-05-07,PRO026,58.0,77.5,59945,83.6,10.0
2026-05-07,PRO027,74.2,45.6,73409,83.3,31.7
2026-05-07,PRO028,57.3,69.6,73100,64.1,50.4
2026-05-07,PRO029,95.3,68.1,25420,87.4,79.0
2026-05-07,PRO030,86.4,69.3,176647,85.5,86.0
2026-05-07,PRO031,69.3,64.9,99457,69.3,31.5
2026-05-07,PRO032,88.1,63.3,83245,93.1,66.6
2026-05-07,PRO033,70.8,37.1,4164,85.8,71.3
2026-05-07,PRO034,69.1,28.3,137853,80.0,13.2
2026-05-07,PRO035,47.1,40.1,100371,93.6,73.3
2026-05-07,PRO036,81.0,83.9,115356,76.7,53.9
2026-05-08,PRO001,76.7,36.9,22391,63.2,51.9
2026-05-08,PRO002,80.1,58.8,126167,94.0,68.0
2026-05-08,PRO003,43.9,62.0,161442,88.8,24.0
2026-05-08,PRO004,55.7,53.8,119485,77.3,25.1
2026-05-08,PRO005,84.7,42.9,16181,70.2,63.2
2026-05-08,PRO006,67.1,65.7,167628,63.7,78.8
2026-05-08,PRO007,45.8,29.4,121381,64.2,52.5
2026-05-08,PRO008,91.7,58.1,78185,79.1,93.3
2026-05-08,PRO009,56.9,20.4,140308,76.8,45.7
2026-05-08,PRO010,40.5,61.3,46876,64.2,64.1
2026-05-08,PRO011,75.1,79.5,41154,91.9,65.2
2026-05-08,PRO012,84.0,52.3,29465,84.3,72.8
2026-05-08,PRO013,86.0,70.9,86442,73.2,51.9
2026-05-08,PRO014,81.7,81.2,42602,83.8,72.2
2026-05-08,PRO015,87.9,28.5,15338,64.3,42.3
2026-05-08,PRO016,55.7,55.0,132864,82.0,93.6
2026-05-08,PRO017,53.7,42.1,29568,97.7,31.5
2026-05-08,PRO018,51.8,64.6,115993,84.7,12.6
2026-05-08,PRO019,57.5,20.8,107455,92.4,62.7
2026-05-08,PRO020,90.2,69.0,174647,80.0,62.8
2026-05-08,PRO021,50.2,50.7,159806,83.3,49.9
2026-05-08,PRO022,40.8,72.2,177094,62.3,34.3
2026-05-08,PRO023,70.3,50.0,137357,89.5,28.6
2026-05-08,PRO024,44.8,44.7,152353,65.8,44.5
2026-05-08,PRO025,72.1,83.7,16171,92.2,16.9
2026-05-08,PRO026,42.2,41.5,69384,87.7,49.4
2026-05-08,PRO027,96.4,55.7,10509,93.7,70.0
2026-05-08,PRO028,76.8,20.2,143892,68.5,39.6
2026-05-08,PRO029,40.4,26.7,167054,68.9,87.0
2026-05-08,PRO030,90.8,79.3,157096,62.4,33.0
2026-05-08,PRO031,87.5,73.5,42452,77.8,49.5
2026-05-08,PRO032,61.6,56.7,93803,96.5,72.7
2026-05-08,PRO033,53.6,35.9,34370,69.9,78.8
2026-05-08,PRO034,63.4,63.1,147977,77.2,82.7
2026-05-08,PRO035,93.9,64.1,44687,78.2,51.2
2026-05-08,PRO036,45.4,73.3,11898,65.5,57.5
2026-05-09,PRO001,65.3,60.4,176958,82.6,62.8
2026-05-09,PRO002,65.2,45.3,58815,87.2,21.0
2026-05-09,PRO003,54.7,52.8,14466,75.9,58.8
2026-05-09,PRO004,69.4,23.6,26097,65.5,48.3
2026-05-09,PRO005,69.6,48.2,173764,77.1,78.4
2026-05-09,PRO006,60.3,68.2,132032,71.8,61.4
2026-05-09,PRO007,65.1,41.3,3926,73.0,60.2
2026-05-09,PRO008,55.2,22.1,143466,65.5,46.6
2026-05-09,PRO009,68.3,71.8,147604,88.3,55.4
2026-05-09,PRO010,40.2,57.3,38264,75.5,41.4
2026-05-09,PRO011,61.7,25.6,87456,74.8,33.1
2026-05-09,PRO012,52.5,40.8,168864,87.3,13.1
2026-05-09,PRO013,77.9,25.6,92842,63.2,91.5
2026-05-09,PRO014,43.5,83.8,127245,97.3,76.5
2026-05-09,PRO015,44.6,77.4,109535,69.8,59.0
2026-05-09,PRO016,87.2,67.9,93233,76.4,72.2
2026-05-09,PRO017,48.6,79.4,9761,69.7,56.3
2026-05-09,PRO018,95.7,49.1,23894,93.5,9.8
2026-05-09,PRO019,88.8,62.7,40324,69.6,61.8
2026-05-09,PRO020,53.0,53.4,26919,77.6,54.4
2026-05-09,PRO021,95.4,52.7,46983,63.2,91.6
2026-05-09,PRO022,94.4,36.1,171523,78.9,38.3
2026-05-09,PRO023,96.6,45.0,163257,95.6,65.1
2026-05-09,PRO024,53.2,38.8,81647,72.0,39.4
2026-05-09,PRO025,86.9,50.3,82303,84.8,74.8
2026-05-09,PRO026,79.7,19.0,61890,94.3,18.0
2026-05-09,PRO027,54.1,56.1,181504,84.8,77.0
2026-05-09,PRO028,67.7,25.6,100972,63.5,56.7
2026-05-09,PRO029,47.2,30.5,50098,69.4,89.5
2026-05-09,PRO030,88.6,77.5,127990,78.3,46.7
2026-05-09,PRO031,86.2,49.2,39971,62.5,23.1
2026-05-09,PRO032,65.4,80.1,100794,87.1,49.1
2026-05-09,PRO033,45.7,82.6,170876,82.5,11.9
2026-05-09,PRO034,60.7,36.7,31709,96.6,39.5
2026-05-09,PRO035,78.2,72.5,175687,90.9,83.5
2026-05-09,PRO036,91.6,63.9,128979,80.2,16.5
2026-05-10,PRO001,88.7,43.3,101124,70.5,42.5
2026-05-10,PRO002,50.2,43.3,47454,98.5,78.9
2026-05-10,PRO003,66.5,57.1,54455,65.6,91.8
2026-05-10,PRO004,54.2,46.6,130873,82.5,27.8
2026-05-10,PRO005,85.9,64.9,97820,72.8,77.2
2026-05-10,PRO006,41.9,40.9,14264,77.7,72.5
2026-05-10,PRO007,54.2,83.6,126214,71.1,28.9
2026-05-10,PRO008,79.0,34.5,86939,97.5,61.9
2026-05-10,PRO009,90.9,69.4,9773,75.0,47.7
2026-05-10,PRO010,53.4,18.5,84321,84.9,26.7
2026-05-10,PRO011,85.9,26.1,102992,89.7,54.2
2026-05-10,PRO012,44.5,36.4,184922,62.2,8.2
2026-05-10,PRO013,61.9,66.0,14542,96.2,28.5
2026-05-10,PRO014,78.9,19.2,30369,64.2,28.5
2026-05-10,PRO015,61.7,63.8,65899,90.6,86.7
2026-05-10,PRO016,51.3,57.7,101951,88.0,91.1
2026-05-10,PRO017,55.9,25.9,103923,81.9,47.1
2026-05-10,PRO018,70.9,32.7,149160,86.4,82.7
2026-05-10,PRO019,40.9,69.9,144626,88.9,87.3
2026-05-10,PRO020,65.7,22.0,181799,73.2,27.4
2026-05-10,PRO021,73.1,68.1,129931,65.0,72.3
2026-05-10,PRO022,58.1,45.1,65426,85.6,57.4
2026-05-10,PRO023,86.7,58.9,54718,71.9,64.7
2026-05-10,PRO024,65.2,34.1,10311,87.0,60.4
2026-05-10,PRO025,93.7,82.1,70670,71.7,74.2
2026-05-10,PRO026,53.4,74.6,30714,94.3,14.4
2026-05-10,PRO027,89.0,66.9,6873,68.6,55.0
2026-05-10,PRO028,93.4,29.9,13804,87.3,74.5
2026-05-10,PRO029,65.9,34.7,38033,71.2,70.9
2026-05-10,PRO030,49.4,37.0,13963,65.9,17.1
2026-05-10,PRO031,72.1,27.8,151541,90.9,85.7
2026-05-10,PRO032,42.5,48.7,26267,62.1,63.0
2026-05-10,PRO033,74.8,52.9,144614,92.2,13.1
2026-05-10,PRO034,70.3,26.7,170568,78.4,77.5
2026-05-10,PRO035,81.1,32.5,164676,95.6,72.9
2026-05-10,PRO036,80.2,76.9,175357,97.0,85.9
2026-05-11,PRO001,78.7,48.1,26568,83.9,66.9
2026-05-11,PRO002,91.8,34.4,93623,96.4,67.6
2026-05-11,PRO003,72.1,51.5,76711,82.5,49.2
2026-05-11,PRO004,87.3,70.2,139818,71.0,26.3
2026-05-11,PRO005,42.0,49.5,63412,69.2,71.0
2026-05-11,PRO006,54.6,49.9,159261,71.5,42.1
2026-05-11,PRO007,66.7,65.7,11813,88.8,26.9
2026-05-11,PRO008,75.5,60.7,21525,94.8,74.9
2026-05-11,PRO009,50.4,55.9,152703,76.4,60.3
2026-05-11,PRO010,40.1,64.6,79806,91.2,65.1
2026-05-11,PRO011,54.0,51.3,31082,67.5,22.6
2026-05-11,PRO012,95.2,66.1,75569,79.0,59.3
2026-05-11,PRO013,69.6,79.7,4172,82.2,74.8
2026-05-11,PRO014,64.2,32.6,83449,80.7,31.4
2026-05-11,PRO015,47.2,69.5,36759,92.7,20.5
2026-05-11,PRO016,92.8,67.5,68399,81.8,52.3
2026-05-11,PRO017,44.4,82.4,17270,62.2,70.3
2026-05-11,PRO018,41.9,63.6,108955,83.2,80.8
2026-05-11,PRO019,87.3,71.9,106700,85.0,14.1
2026-05-11,PRO020,77.9,73.6,179028,66.5,74.7
2026-05-11,PRO021,83.9,46.8,19893,68.6,83.6
2026-05-11,PRO022,91.4,81.9,144121,83.5,74.3
2026-05-11,PRO023,61.1,36.1,25388,72.8,32.2
2026-05-11,PRO024,65.2,40.2,91318,69.3,80.7
2026-05-11,PRO025,92.4,49.2,153439,78.2,52.2
2026-05-11,PRO026,49.2,48.3,119295,88.1,63.8
2026-05-11,PRO027,67.6,73.9,121133,90.6,73.8
2026-05-11,PRO028,63.6,26.3,115960,92.0,61.0
2026-05-11,PRO029,42.9,83.8,174369,67.3,82.9
2026-05-11,PRO030,46.0,79.8,11462,73.4,8.7
2026-05-11,PRO031,86.5,39.3,68934,82.8,73.2
2026-05-11,PRO032,62.1,60.4,165750,73.9,33.7
2026-05-11,PRO033,55.2,61.4,83434,77.0,13.3
2026-05-11,PRO034,74.3,78.5,127425,90.0,26.7
2026-05-11,PRO035,55.3,26.8,58657,78.8,34.5
2026-05-11,PRO036,87.4,63.1,147991,88.9,59.1
2026-05-12,PRO001,77.3,33.0,93125,75.0,48.7
2026-05-12,PRO002,84.7,18.4,114769,79.2,77.4
2026-05-12,PRO003,47.6,66.0,163598,64.7,70.3
2026-05-12,PRO004,80.8,58.8,70814,68.3,91.0
2026-05-12,PRO005,71.9,37.8,4909,63.3,69.4
2026-05-12,PRO006,51.1,74.6,58353,76.9,63.6
2026-05-12,PRO007,92.0,40.3,19089,96.2,10.4
2026-05-12,PRO008,41.9,67.3,38053,63.4,15.5
2026-05-12,PRO009,79.0,52.4,128821,72.5,39.6
2026-05-12,PRO010,89.3,58.7,104210,85.7,67.7
2026-05-12,PRO011,95.3,83.0,50608,94.4,77.5
2026-05-12,PRO012,42.2,72.2,169860,73.3,78.1
2026-05-12,PRO013,57.7,71.9,61364,64.7,12.3
2026-05-12,PRO014,40.9,18.9,44990,86.2,29.7
2026-05-12,PRO015,62.3,69.4,40666,73.2,19.4
2026-05-12,PRO016,73.4,82.7,165694,98.9,27.6
2026-05-12,PRO017,48.8,37.3,110690,71.1,56.9
2026-05-12,PRO018,59.3,49.2,163646,76.5,90.1
2026-05-12,PRO019,79.6,74.5,29521,75.4,40.5
2026-05-12,PRO020,45.6,60.5,104091,95.1,58.9
2026-05-12,PRO021,74.5,70.1,127816,87.3,21.9
2026-05-12,PRO022,43.3,78.0,97884,78.3,86.5
2026-05-12,PRO023,57.9,53.3,163384,63.8,20.2
2026-05-12,PRO024,40.9,25.0,89021,96.1,35.6
2026-05-12,PRO025,62.4,36.6,74839,69.3,18.0
2026-05-12,PRO026,53.2,22.1,44886,88.2,72.6
2026-05-12,PRO027,93.3,51.1,179989,63.5,61.8
2026-05-12,PRO028,86.3,74.0,62447,91.9,29.5
2026-05-12,PRO029,92.2,55.0,111720,91.8,29.9
2026-05-12,PRO030,95.9,53.9,61213,79.6,48.0
2026-05-12,PRO031,47.8,25.8,183176,81.1,17.9
2026-05-12,PRO032,90.1,74.2,49309,97.0,78.3
2026-05-12,PRO033,83.8,79.6,44189,66.7,14.6
2026-05-12,PRO034,75.8,82.8,37010,91.3,34.6
2026-05-12,PRO035,93.8,29.9,7160,75.7,47.8
2026-05-12,PRO036,90.2,44.8,47725,82.7,91.2
2026-05-13,PRO001,53.0,75.7,36340,64.1,55.7
2026-05-13,PRO002,92.1,75.6,38221,78.9,23.1
2026-05-13,PRO003,50.1,63.8,12944,83.6,68.7
2026-05-13,PRO004,62.6,30.8,105446,84.5,82.2
2026-05-13,PRO005,80.7,72.1,140477,99.0,81.7
2026-05-13,PRO006,83.6,23.8,23525,68.3,21.5
2026-05-13,PRO007,84.1,51.6,159537,86.4,26.7
2026-05-13,PRO008,93.6,61.5,70157,63.1,70.3
2026-05-13,PRO009,67.6,57.4,89769,70.6,53.0
2026-05-13,PRO010,58.5,25.1,3709,82.4,30.0
2026-05-13,PRO011,64.9,76.1,100846,74.3,9.6
2026-05-13,PRO012,77.4,79.3,12642,70.8,41.8
2026-05-13,PRO013,44.8,27.2,112293,72.3,79.5
2026-05-13,PRO014,49.7,47.4,108185,65.1,45.2
2026-05-13,PRO015,55.2,36.9,173692,63.2,21.7
2026-05-13,PRO016,57.6,70.5,169239,62.7,44.7
2026-05-13,PRO017,58.8,50.4,89998,73.8,42.4
2026-05-13,PRO018,94.3,72.7,69174,70.3,47.3
2026-05-13,PRO019,54.8,24.1,73828,90.9,32.9
2026-05-13,PRO020,60.9,54.0,28573,68.3,77.5
2026-05-13,PRO021,85.9,35.8,111184,98.4,32.0
2026-05-13,PRO022,90.4,24.4,61453,70.2,29.9
2026-05-13,PRO023,88.0,75.5,123413,79.0,79.2
2026-05-13,PRO024,55.1,59.1,80605,84.6,60.7
2026-05-13,PRO025,50.4,21.4,14838,66.5,11.5
2026-05-13,PRO026,85.7,77.6,118197,75.5,69.7
2026-05-13,PRO027,84.0,48.9,3202,88.1,39.2
2026-05-13,PRO028,50.3,45.6,82187,89.7,24.5
2026-05-13,PRO029,88.2,43.7,150993,74.5,63.2
2026-05-13,PRO030,81.8,60.4,152413,89.6,21.4
2026-05-13,PRO031,46.8,27.1,127722,92.7,22.7
2026-05-13,PRO032,91.3,62.5,13554,74.7,69.0
2026-05-13,PRO033,74.5,44.7,131087,77.6,14.7
2026-05-13,PRO034,51.3,33.3,94483,88.6,83.6
2026-05-13,PRO035,49.0,40.1,78686,80.5,93.9
2026-05-13,PRO036,73.4,38.1,53154,68.3,17.5
2026-05-14,PRO001,68.9,28.6,82456,97.3,15.1
2026-05-14,PRO002,78.1,59.9,68537,85.9,57.2
2026-05-14,PRO003,59.3,82.6,99326,66.4,51.4
2026-05-14,PRO004,71.2,58.0,157630,69.4,81.4
2026-05-14,PRO005,40.1,36.2,173356,87.9,42.0
2026-05-14,PRO006,91.9,36.9,26551,85.8,47.3
2026-05-14,PRO007,82.0,35.5,156482,66.2,92.4
2026-05-14,PRO008,59.4,28.8,62770,66.4,90.9
2026-05-14,PRO009,40.5,49.0,83049,84.2,39.5
2026-05-14,PRO010,49.3,69.5,136899,76.2,42.6
2026-05-14,PRO011,73.8,43.3,99930,83.9,32.0
2026-05-14,PRO012,82.5,79.4,17441,76.7,31.9
2026-05-14,PRO013,74.7,18.6,137334,78.2,85.8
2026-05-14,PRO014,58.8,49.9,155468,68.5,49.4
2026-05-14,PRO015,88.9,62.1,97408,63.5,11.5
2026-05-14,PRO016,68.2,36.6,43504,70.3,85.4
2026-05-14,PRO017,63.3,33.6,13280,81.3,11.9
2026-05-14,PRO018,78.6,81.3,83637,94.6,62.0
2026-05-14,PRO019,90.1,22.4,19989,64.8,64.7
2026-05-14,PRO020,85.0,20.3,140543,62.4,30.2
2026-05-14,PRO021,86.9,61.6,122713,97.4,63.5
2026-05-14,PRO022,80.4,40.6,66447,76.9,42.2
2026-05-14,PRO023,74.4,81.3,162285,75.9,58.9
2026-05-14,PRO024,94.7,64.8,52803,74.0,33.2
2026-05-14,PRO025,86.2,36.7,21039,74.0,91.2
2026-05-14,PRO026,50.6,21.5,94868,91.0,93.3
2026-05-14,PRO027,94.8,62.5,48522,73.5,86.8
2026-05-14,PRO028,87.3,53.7,9564,76.4,61.8
2026-05-14,PRO029,86.3,27.6,141752,93.6,24.4
2026-05-14,PRO030,67.5,50.2,121876,67.8,10.4
2026-05-14,PRO031,57.5,37.2,182168,96.7,32.2
2026-05-14,PRO032,76.2,19.3,48745,82.6,75.7
2026-05-14,PRO033,91.8,35.5,12390,77.7,15.1
2026-05-14,PRO034,83.3,57.1,148653,64.9,72.1
2026-05-14,PRO035,42.6,53.1,100964,74.4,62.3
2026-05-14,PRO036,70.8,81.1,159378,76.4,79.5
2026-05-15,PRO001,67.0,47.7,76705,97.6,39.9
2026-05-15,PRO002,75.3,46.9,66217,62.6,59.5
2026-05-15,PRO003,90.3,73.6,68227,78.7,38.2
2026-05-15,PRO004,46.6,42.0,43535,70.7,85.4
2026-05-15,PRO005,87.1,61.9,4014,64.1,57.5
2026-05-15,PRO006,52.8,31.7,182809,98.3,47.1
2026-05-15,PRO007,55.0,82.4,37079,97.6,69.7
2026-05-15,PRO008,59.5,60.4,92138,78.2,58.8
2026-05-15,PRO009,78.0,78.3,152484,95.3,34.4
2026-05-15,PRO010,43.9,32.5,115535,84.7,79.0
2026-05-15,PRO011,95.3,62.3,12482,91.2,77.6
2026-05-15,PRO012,94.1,74.5,85262,83.2,23.9
2026-05-15,PRO013,55.9,74.1,74912,93.2,34.4
2026-05-15,PRO014,89.4,77.1,182576,68.4,82.6
2026-05-15,PRO015,95.0,33.5,119315,72.7,29.3
2026-05-15,PRO016,51.7,24.8,50943,75.8,14.4
2026-05-15,PRO017,85.4,54.6,92584,68.5,72.5
2026-05-15,PRO018,53.9,70.2,134895,72.1,13.8
2026-05-15,PRO019,90.6,26.7,12985,72.1,44.2
2026-05-15,PRO020,65.8,35.0,67898,68.8,90.8
2026-05-15,PRO021,42.2,30.6,100542,96.6,55.8
2026-05-15,PRO022,52.0,24.9,4929,73.8,80.9
2026-05-15,PRO023,88.2,76.0,62810,73.3,16.0
2026-05-15,PRO024,96.3,56.3,56975,67.1,65.6
2026-05-15,PRO025,78.3,50.0,72653,93.4,72.2
2026-05-15,PRO026,73.5,36.5,17999,96.9,53.9
2026-05-15,PRO027,62.7,74.4,5852,63.9,51.2
2026-05-15,PRO028,45.8,82.9,102349,77.5,60.7
2026-05-15,PRO029,81.2,34.1,2220,88.0,16.3
2026-05-15,PRO030,89.2,59.0,38741,96.5,39.7
2026-05-15,PRO031,88.8,72.4,157854,81.5,41.3
2026-05-15,PRO032,60.8,81.1,57267,71.3,34.1
2026-05-15,PRO033,80.4,41.8,174110,90.2,60.2
2026-05-15,PRO034,50.3,19.9,169871,78.6,56.7
2026-05-15,PRO035,56.9,36.6,54549,81.8,54.0
2026-05-15,PRO036,67.5,45.2,166159,81.0,44.5
2026-05-16,PRO001,90.8,83.7,145361,62.2,56.5
2026-05-16,PRO002,62.8,36.5,136000,81.0,56.7
2026-05-16,PRO003,93.7,78.3,67996,88.3,75.4
2026-05-16,PRO004,57.1,82.8,83934,66.4,36.1
2026-05-16,PRO005,64.4,78.4,169818,74.3,24.2
2026-05-16,PRO006,64.9,48.5,77403,64.1,91.7
2026-05-16,PRO007,84.9,69.4,46820,94.3,58.4
2026-05-16,PRO008,85.0,51.9,131060,81.9,9.3
2026-05-16,PRO009,65.4,28.9,54579,99.0,21.2
2026-05-16,PRO010,59.6,49.7,111671,63.2,82.3
2026-05-16,PRO011,74.2,20.7,66998,85.7,54.7
2026-05-16,PRO012,45.0,71.0,58451,67.0,90.7
2026-05-16,PRO013,55.2,53.9,8201,95.5,50.0
2026-05-16,PRO014,87.5,67.8,97337,75.3,45.0
2026-05-16,PRO015,80.5,37.4,181674,81.6,55.3
2026-05-16,PRO016,92.0,70.5,168372,68.0,34.5
2026-05-16,PRO017,60.4,56.3,25629,81.8,60.9
2026-05-16,PRO018,50.2,51.9,163411,88.4,21.0
2026-05-16,PRO019,52.9,74.6,134648,97.4,44.6
2026-05-16,PRO020,94.5,71.7,156973,84.6,34.7
2026-05-16,PRO021,80.5,81.1,79818,86.5,55.9
2026-05-16,PRO022,81.5,39.0,49711,78.6,89.4
2026-05-16,PRO023,70.9,56.8,48015,94.9,24.7
2026-05-16,PRO024,43.1,53.8,66659,71.0,14.2
2026-05-16,PRO025,80.2,57.7,138202,65.7,57.0
2026-05-16,PRO026,65.3,64.7,111932,66.4,10.3
2026-05-16,PRO027,57.3,20.0,25812,63.9,41.4
2026-05-16,PRO028,53.4,71.2,87920,80.9,87.9
2026-05-16,PRO029,81.4,76.4,167180,66.2,69.4
2026-05-16,PRO030,52.6,24.9,112741,77.9,40.8
2026-05-16,PRO031,53.0,19.8,142127,96.9,9.7
2026-05-16,PRO032,94.0,43.9,26426,69.7,10.4
2026-05-16,PRO033,40.4,59.3,150373,74.0,20.0
2026-05-16,PRO034,90.2,43.2,26818,83.1,17.3
2026-05-16,PRO035,61.5,21.8,129549,63.8,17.7
2026-05-16,PRO036,44.8,47.5,29797,62.1,90.7
2026-05-17,PRO001,69.7,75.3,9023,66.8,15.4
2026-05-17,PRO002,45.3,65.1,171965,70.8,11.7
2026-05-17,PRO003,87.4,79.8,144805,63.4,88.6
2026-05-17,PRO004,73.9,31.6,183872,71.9,51.9
2026-05-17,PRO005,90.7,59.7,91493,64.2,84.0
2026-05-17,PRO006,77.0,58.7,39383,93.7,42.1
2026-05-17,PRO007,89.0,61.7,3862,92.0,36.4
2026-05-17,PRO008,84.6,22.0,114873,92.1,80.0
2026-05-17,PRO009,74.3,23.2,13427,82.1,46.5
2026-05-17,PRO010,85.4,38.9,5232,89.8,36.6
2026-05-17,PRO011,96.4,52.0,3739,86.9,72.7
2026-05-17,PRO012,74.7,35.1,146093,78.1,68.4
2026-05-17,PRO013,43.1,71.3,87939,62.4,12.5
2026-05-17,PRO014,74.1,72.7,75392,72.6,69.5
2026-05-17,PRO015,76.4,66.3,82110,63.4,90.8
2026-05-17,PRO016,73.3,65.5,107507,77.1,53.6
2026-05-17,PRO017,49.0,33.3,104587,74.0,41.0
2026-05-17,PRO018,68.9,44.1,120337,71.3,47.4
2026-05-17,PRO019,49.6,38.8,157146,76.1,47.7
2026-05-17,PRO020,44.6,67.3,3332,74.6,43.9
2026-05-17,PRO021,72.1,33.2,154504,96.6,20.9
2026-05-17,PRO022,74.8,29.1,57222,62.3,24.8
2026-05-17,PRO023,68.9,73.1,139065,77.3,15.0
2026-05-17,PRO024,47.3,61.5,9928,98.2,40.9
2026-05-17,PRO025,82.2,54.0,184032,73.1,73.0
2026-05-17,PRO026,54.4,37.0,130915,67.6,26.1
2026-05-17,PRO027,83.1,36.4,165854,85.9,39.9
2026-05-17,PRO028,42.3,57.1,70281,95.3,48.0
2026-05-17,PRO029,64.7,58.1,134644,76.8,77.8
2026-05-17,PRO030,96.7,65.7,25873,87.7,80.2
2026-05-17,PRO031,62.1,37.0,12618,92.4,65.8
2026-05-17,PRO032,64.4,83.7,129855,70.5,49.9
2026-05-17,PRO033,55.6,68.4,7896,78.6,50.1
2026-05-17,PRO034,45.0,54.4,166576,64.9,76.8
2026-05-17,PRO035,94.2,41.1,150632,95.7,9.0
2026-05-17,PRO036,66.2,56.3,89234,89.4,55.7
2026-05-18,PRO001,71.0,23.8,155978,65.7,93.6
2026-05-18,PRO002,94.5,53.2,182838,80.1,19.8
2026-05-18,PRO003,62.6,70.4,16340,84.9,26.6
2026-05-18,PRO004,63.0,67.9,60378,62.3,62.7
2026-05-18,PRO005,61.1,34.4,129038,89.9,65.5
2026-05-18,PRO006,59.5,27.2,4498,71.0,73.2
2026-05-18,PRO007,66.4,59.9,88378,85.0,83.8
2026-05-18,PRO008,87.1,70.1,93485,80.2,75.2
2026-05-18,PRO009,89.0,26.2,135425,90.0,49.4
2026-05-18,PRO010,46.7,46.0,119014,73.3,72.2
2026-05-18,PRO011,79.5,60.0,126885,97.9,15.3
2026-05-18,PRO012,96.2,33.2,52887,88.3,79.5
2026-05-18,PRO013,93.9,26.2,56816,85.1,89.1
2026-05-18,PRO014,92.5,43.0,136062,66.9,85.7
2026-05-18,PRO015,42.3,26.4,81546,75.3,93.3
2026-05-18,PRO016,55.9,41.1,182984,93.7,65.3
2026-05-18,PRO017,94.6,45.3,166005,82.4,67.1
2026-05-18,PRO018,46.0,60.9,161865,77.7,28.7
2026-05-18,PRO019,48.9,47.1,144654,71.3,71.5
2026-05-18,PRO020,85.0,59.1,19840,81.8,38.7
2026-05-18,PRO021,49.8,51.0,46499,93.8,29.4
2026-05-18,PRO022,78.8,69.4,5345,80.7,38.8
2026-05-18,PRO023,84.8,18.7,135233,62.4,27.8
2026-05-18,PRO024,57.2,51.4,128234,80.5,73.2
2026-05-18,PRO025,90.3,76.5,136485,67.2,76.4
2026-05-18,PRO026,51.9,40.7,77637,76.2,86.5
2026-05-18,PRO027,90.0,50.9,94898,81.3,72.7
2026-05-18,PRO028,58.8,20.1,14599,81.0,43.3
2026-05-18,PRO029,81.3,66.6,106346,69.8,80.4
2026-05-18,PRO030,89.1,60.1,14654,88.5,63.4
2026-05-18,PRO031,58.1,50.8,174709,62.6,53.8
2026-05-18,PRO032,96.4,83.6,84846,90.1,76.6
2026-05-18,PRO033,57.1,68.2,49469,70.3,24.5
2026-05-18,PRO034,44.7,70.2,75024,70.3,63.5
2026-05-18,PRO035,65.5,60.7,136478,63.0,63.0
2026-05-18,PRO036,87.0,65.6,173100,76.3,34.3
2026-05-19,PRO001,59.5,69.7,69522,79.1,63.4
2026-05-19,PRO002,72.5,48.6,152320,74.2,79.7
2026-05-19,PRO003,80.1,34.8,120201,87.2,82.8
2026-05-19,PRO004,89.4,66.0,37141,68.0,46.9
2026-05-19,PRO005,94.9,62.1,121950,87.5,26.7
2026-05-19,PRO006,69.9,51.3,79879,98.9,80.3
2026-05-19,PRO007,44.5,65.7,161471,92.0,50.9
2026-05-19,PRO008,71.1,66.0,117384,72.0,27.5
2026-05-19,PRO009,80.5,56.9,181268,66.3,85.8
2026-05-19,PRO010,60.2,32.4,5936,64.8,72.8
2026-05-19,PRO011,54.1,43.4,18929,82.0,12.2
2026-05-19,PRO012,55.2,71.3,169197,89.9,59.8
2026-05-19,PRO013,68.7,72.6,118699,73.2,28.3
2026-05-19,PRO014,58.3,26.2,28981,85.5,44.0
2026-05-19,PRO015,70.0,55.4,184831,74.9,47.9
2026-05-19,PRO016,81.4,68.0,19370,67.4,55.9
2026-05-19,PRO017,77.0,54.5,2924,84.5,21.9
2026-05-19,PRO018,85.7,41.7,161045,65.4,31.2
2026-05-19,PRO019,43.2,81.1,51181,91.0,35.5
2026-05-19,PRO020,56.7,72.5,148155,71.1,24.6
2026-05-19,PRO021,69.7,37.5,116915,97.7,8.6
2026-05-19,PRO022,47.8,25.3,83645,65.4,82.7
2026-05-19,PRO023,86.8,57.4,58494,72.1,92.0
2026-05-19,PRO024,42.9,45.6,27283,67.6,72.9
2026-05-19,PRO025,74.7,21.9,29596,65.9,54.2
2026-05-19,PRO026,53.8,64.6,38877,79.8,61.5
2026-05-19,PRO027,65.0,25.5,44054,90.4,77.1
2026-05-19,PRO028,57.8,51.2,67771,97.4,64.4
2026-05-19,PRO029,96.8,36.0,137317,82.0,40.4
2026-05-19,PRO030,67.6,36.2,30390,92.1,40.1
2026-05-19,PRO031,86.6,80.6,158735,67.1,82.5
2026-05-19,PRO032,79.3,67.2,69933,88.2,77.7
2026-05-19,PRO033,68.3,21.8,159079,93.9,35.6
2026-05-19,PRO034,67.0,25.1,50743,69.7,78.8
2026-05-19,PRO035,46.3,67.2,141632,82.4,70.6
2026-05-19,PRO036,42.5,59.0,121012,84.0,84.0
2026-05-20,PRO001,40.4,48.9,107293,70.8,32.0
2026-05-20,PRO002,82.9,24.7,67054,82.0,92.7
2026-05-20,PRO003,72.2,28.6,115581,71.6,28.6
2026-05-20,PRO004,91.6,21.3,38835,77.7,29.4
2026-05-20,PRO005,85.2,65.4,141625,66.6,84.5
2026-05-20,PRO006,73.2,79.9,8270,71.9,18.6
2026-05-20,PRO007,51.9,64.7,66820,81.6,48.7
2026-05-20,PRO008,50.1,36.4,100913,92.9,74.3
2026-05-20,PRO009,83.7,53.3,156091,82.7,12.6
2026-05-20,PRO010,56.0,76.8,43151,75.9,83.4
2026-05-20,PRO011,66.5,47.5,164262,85.2,23.9
2026-05-20,PRO012,52.2,22.9,164994,93.5,68.7
2026-05-20,PRO013,96.7,27.5,178565,84.9,87.1
2026-05-20,PRO014,85.7,43.5,18292,69.6,53.8
2026-05-20,PRO015,47.1,58.7,89228,66.2,45.6
2026-05-20,PRO016,73.3,47.7,12079,88.0,35.7
2026-05-20,PRO017,95.0,55.1,142867,92.1,13.9
2026-05-20,PRO018,70.0,65.5,85693,70.1,63.1
2026-05-20,PRO019,55.8,51.8,172324,93.4,33.3
2026-05-20,PRO020,46.9,48.9,124725,62.7,13.1
2026-05-20,PRO021,61.0,27.7,20981,83.9,87.5
2026-05-20,PRO022,65.8,55.7,15188,95.9,43.8
2026-05-20,PRO023,48.2,31.7,35102,79.2,68.7
2026-05-20,PRO024,43.9,75.4,144031,91.3,34.6
2026-05-20,PRO025,64.3,59.8,66382,68.6,64.8
2026-05-20,PRO026,55.0,31.3,45650,79.2,65.1
2026-05-20,PRO027,91.3,80.0,6384,69.1,93.2
2026-05-20,PRO028,63.1,55.3,172133,91.5,19.3
2026-05-20,PRO029,40.7,23.3,49222,77.2,16.4
2026-05-20,PRO030,93.2,49.0,129074,90.8,19.6
2026-05-20,PRO031,91.7,33.8,3306,73.7,54.7
2026-05-20,PRO032,79.4,32.5,56812,72.1,51.8
2026-05-20,PRO033,45.0,47.5,73942,74.7,41.5
2026-05-20,PRO034,89.6,22.8,146665,64.2,56.0
2026-05-20,PRO035,96.7,26.7,139339,86.4,65.7
2026-05-20,PRO036,95.8,50.1,84637,65.1,89.2
